Workbook
Name HL: '[1]LTP 18-Aug-25'!#REF!
Name HL: '[2]LTP_24-Mar-2025'!#REF!
Name HL: 'LTP 21-Sep-26'!#REF!
Name Holiday: #REF!

Sheet LTP 21-Sep-26
G1: Pending Effort (in Hours) | K1: 21-Sep-2026 :: Addressing Plan | W1: 14-Sep-2026 :: Addressing Plan | BH1: Verification
A2: Market | B2: DR | C2: BR_ID | D2: BR_Name | E2: Driven Km | F2: Drive Details | G2: Source Prep | H2: HLA | I2: ADC | J2: MPRA | K2: Naming QA Acceptance | L2: Source Prep Start Date | M2: Source Prep End Date | N2: HLA Start date | O2: HLA End Date | P2: ADC Start Date | Q2: ADC End Date | R2: DC2 | S2: Building Delivery Date | T2: MPRA Start Date | U2: MPRA End Date | W2: Naming QA Acceptance | X2: Source Prep Start Date | Y2: Source Prep End Date | Z2: HLA Start date | AA2: HLA End Date | AB2: ADC Start Date | AC2: ADC End Date | AD2: DC2 | AE2: Building Delivery Date | AF2: MPRA Start Date | AG2: MPRA End Date | AZ2: Holiday List | BH2: Naming QA Acceptance | BI2: Source Prep Start Date | BJ2: Source Prep End Date | BK2: HLA Start date | BL2: HLA End Date | BM2: ADC Start Date | BN2: ADC End Date | BO2: DC2 | BP2: Building Delivery Date | BQ2: MPRA Start Date | BR2: MPRA End Date
A3: Brazil_P2 | B3: BRDRSP_P2 | C3: kh.br.sa.bra.08_A | D3: São Paulo | E3: 34714 | F3: Post-drive | J3: 100 | K3: 46022 | L3: - | M3: - | N3: 46028 | O3: 46031 | P3: 46032 | Q3: 46079 | R3: 46193 | S3: Available | T3: 46195 | U3: 46288 | W3: 46022 | X3: - | Y3: - | Z3: 46028 | AA3: 46031 | AB3: 46032 | AC3: 46079 | AD3: 46193 | AE3: Available | AF3: 46195 | AG3: 46288 | AZ3: 46023 | BA3: Holiday | BH3: =IFERROR(K3-W3,"0") -> 0 | BI3: =IFERROR(L3-X3,"0") -> 0 | BJ3: =IFERROR(M3-Y3,"0") -> 0 | BK3: =IFERROR(N3-Z3,"0") -> 0 | BL3: =IFERROR(O3-AA3,"0") -> 0 | BM3: =IFERROR(P3-AB3,"0") -> 0 | BN3: =IFERROR(Q3-AC3,"0") -> 0 | BO3: =IFERROR(R3-AD3,"0") -> 0 | ... BR3: =IFERROR(U3-AG3,"0") -> 0
A4: Brazil_P2 | B4: BRDRSP_P2 | C4: kh.br.sa.bra.08_C | D4: Campinas | E4: 23453 | F4: Post-drive | J4: 8864 | K4: 46029 | L4: - | M4: - | N4: 46031 | O4: 46034 | P4: 46043 | Q4: 46064 | R4: 46243 | S4: Available | T4: 46263 | U4: 46320 | W4: 46029 | X4: - | Y4: - | Z4: 46031 | AA4: 46034 | AB4: 46043 | AC4: 46064 | AD4: 46243 | AE4: Available | AF4: 46263 | AG4: 46320 | AZ4: 46036 | BA4: Holiday | BH4: =IFERROR(K4-W4,"0") -> 0 | BI4: =IFERROR(L4-X4,"0") -> 0 | BJ4: =IFERROR(M4-Y4,"0") -> 0 | BK4: =IFERROR(N4-Z4,"0") -> 0 | BL4: =IFERROR(O4-AA4,"0") -> 0 | BM4: =IFERROR(P4-AB4,"0") -> 0 | BN4: =IFERROR(Q4-AC4,"0") -> 0 | BO4: =IFERROR(R4-AD4,"0") -> 0 | ... BR4: =IFERROR(U4-AG4,"0") -> 0
A5: Brazil_P2 | B5: BRDRSP_P2 | C5: kh.br.sa.bra.08_D | D5: Ribeirão Preto | E5: 23151 | F5: Post-drive | J5: 14181 | K5: 46041 | L5: - | M5: - | N5: 46047 | O5: 46051 | P5: 46052 | Q5: 46081 | R5: 46271 | S5: Available | T5: 46298 | U5: 46348 | W5: 46041 | X5: - | Y5: - | Z5: 46047 | AA5: 46051 | AB5: 46052 | AC5: 46081 | AD5: 46271 | AE5: Available | AF5: 46280 | AG5: 46348 | AZ5: 46048 | BA5: Holiday | BH5: =IFERROR(K5-W5,"0") -> 0 | BI5: =IFERROR(L5-X5,"0") -> 0 | BJ5: =IFERROR(M5-Y5,"0") -> 0 | BK5: =IFERROR(N5-Z5,"0") -> 0 | BL5: =IFERROR(O5-AA5,"0") -> 0 | BM5: =IFERROR(P5-AB5,"0") -> 0 | BN5: =IFERROR(Q5-AC5,"0") -> 0 | BO5: =IFERROR(R5-AD5,"0") -> 0 | ... BR5: =IFERROR(U5-AG5,"0") -> 0
A6: Brazil_P2 | B6: BRDRSP_P2 | C6: kh.br.sa.bra.08_B | D6: São José dos Campos | E6: 26018 | F6: Post-drive | J6: 14977 | K6: 46049 | L6: - | M6: - | N6: 46056 | O6: 46060 | P6: 46068 | Q6: 46093 | R6: 46283 | S6: Available | T6: 46300 | U6: 46353 | W6: 46049 | X6: - | Y6: - | Z6: 46056 | AA6: 46060 | AB6: 46068 | AC6: 46093 | AD6: 46283 | AE6: Available | AF6: 46284 | AG6: 46353 | AZ6: 46115 | BA6: Holiday | BH6: =IFERROR(K6-W6,"0") -> 0 | BI6: =IFERROR(L6-X6,"0") -> 0 | BJ6: =IFERROR(M6-Y6,"0") -> 0 | BK6: =IFERROR(N6-Z6,"0") -> 0 | BL6: =IFERROR(O6-AA6,"0") -> 0 | BM6: =IFERROR(P6-AB6,"0") -> 0 | BN6: =IFERROR(Q6-AC6,"0") -> 0 | BO6: =IFERROR(R6-AD6,"0") -> 0 | ... BR6: =IFERROR(U6-AG6,"0") -> 0
A7: Brazil_P2 | B7: BRDRRIO_P2 | C7: kh.br.sa.bra.11_A | D7: Rio de Janeiro | E7: 14299 | F7: Post-drive | J7: 3816.1 | K7: 46051 | L7: - | M7: - | N7: 46059 | O7: 46072 | P7: 46081 | Q7: 46105 | R7: 46210 | S7: Available | T7: 46245 | U7: 46293 | W7: 46051 | X7: - | Y7: - | Z7: 46059 | AA7: 46072 | AB7: 46081 | AC7: 46105 | AD7: 46210 | AE7: Available | AF7: 46245 | AG7: 46293 | AZ7: 46143 | BA7: Holiday | BH7: =IFERROR(K7-W7,"0") -> 0 | BI7: =IFERROR(L7-X7,"0") -> 0 | BJ7: =IFERROR(M7-Y7,"0") -> 0 | BK7: =IFERROR(N7-Z7,"0") -> 0 | BL7: =IFERROR(O7-AA7,"0") -> 0 | BM7: =IFERROR(P7-AB7,"0") -> 0 | BN7: =IFERROR(Q7-AC7,"0") -> 0 | BO7: =IFERROR(R7-AD7,"0") -> 0 | ... BR7: =IFERROR(U7-AG7,"0") -> 0
A8: Brazil_P2 | B8: BRDRRIO_P2 | C8: kh.br.sa.bra.11_B | D8: Campos dos Goytacazes | E8: 18163 | F8: Post-drive | J8: 8329 | K8: 46053 | L8: - | M8: - | N8: 46072 | O8: 46074 | P8: 46082 | Q8: 46107 | R8: 46215 | S8: Available | T8: 46222 | U8: 46307 | W8: 46053 | X8: - | Y8: - | Z8: 46072 | AA8: 46074 | AB8: 46082 | AC8: 46107 | AD8: 46215 | AE8: Available | AF8: 46222 | AG8: 46307 | AZ8: 46169 | BA8: Holiday | BH8: =IFERROR(K8-W8,"0") -> 0 | BI8: =IFERROR(L8-X8,"0") -> 0 | BJ8: =IFERROR(M8-Y8,"0") -> 0 | BK8: =IFERROR(N8-Z8,"0") -> 0 | BL8: =IFERROR(O8-AA8,"0") -> 0 | BM8: =IFERROR(P8-AB8,"0") -> 0 | BN8: =IFERROR(Q8-AC8,"0") -> 0 | BO8: =IFERROR(R8-AD8,"0") -> 0 | ... BR8: =IFERROR(U8-AG8,"0") -> 0
A9: Brazil_P2 | B9: BRDRRIO_P2 | C9: kh.br.sa.bra.11_C | D9: Vitória | E9: 7469 | F9: Post-drive | J9: 4314 | K9: 46059 | L9: - | M9: - | N9: 46078 | O9: 46079 | P9: 46090 | Q9: 46111 | R9: 46224 | S9: Available | T9: 46247 | U9: 46301 | W9: 46059 | X9: - | Y9: - | Z9: 46078 | AA9: 46079 | AB9: 46090 | AC9: 46111 | AD9: 46224 | AE9: Available | AF9: 46247 | AG9: 46301 | AZ9: 46175 | BA9: Holiday | BH9: =IFERROR(K9-W9,"0") -> 0 | BI9: =IFERROR(L9-X9,"0") -> 0 | BJ9: =IFERROR(M9-Y9,"0") -> 0 | BK9: =IFERROR(N9-Z9,"0") -> 0 | BL9: =IFERROR(O9-AA9,"0") -> 0 | BM9: =IFERROR(P9-AB9,"0") -> 0 | BN9: =IFERROR(Q9-AC9,"0") -> 0 | BO9: =IFERROR(R9-AD9,"0") -> 0 | ... BR9: =IFERROR(U9-AG9,"0") -> 0
A10: Brazil_P2 | B10: BRDRNE_P2 | C10: kh.br.sa.bra.16 | D10: Salvador | E10: 23933 | F10: Full-drive | J10: 11303 | K10: 46075 | L10: 45607 | M10: 45627 | N10: 46092 | O10: 46105 | P10: 46107 | Q10: 46113 | R10: 46299 | S10: Available | T10: 46303 | U10: 46369 | W10: 46075 | X10: 45607 | Y10: 45627 | Z10: 46092 | AA10: 46105 | AB10: 46107 | AC10: 46113 | AD10: 46299 | AE10: Available | AF10: 46300 | AG10: 46369 | AZ10: 46249 | BA10: Holiday | BH10: =IFERROR(K10-W10,"0") -> 0 | BI10: =IFERROR(L10-X10,"0") -> 0 | BJ10: =IFERROR(M10-Y10,"0") -> 0 | BK10: =IFERROR(N10-Z10,"0") -> 0 | BL10: =IFERROR(O10-AA10,"0") -> 0 | BM10: =IFERROR(P10-AB10,"0") -> 0 | BN10: =IFERROR(Q10-AC10,"0") -> 0 | BO10: =IFERROR(R10-AD10,"0") -> 0 | ... BR10: =IFERROR(U10-AG10,"0") -> 0
A11: Brazil_P2 | B11: BRDRNE_P2 | C11: kh.br.sa.bra.17 | D11: Recife | E11: 22668 | F11: Full-drive | J11: 7608 | K11: 46091 | L11: 45614 | M11: 45627 | N11: 46102 | O11: 46107 | P11: 46107 | Q11: 46168 | R11: 46307 | S11: Available | T11: 46336 | U11: 46378 | W11: 46091 | X11: 45614 | Y11: 45627 | Z11: 46102 | AA11: 46107 | AB11: 46107 | AC11: 46168 | AD11: 46307 | AE11: Available | AF11: 46336 | AG11: 46378 | AZ11: 46279 | BA11: Holiday | BH11: =IFERROR(K11-W11,"0") -> 0 | BI11: =IFERROR(L11-X11,"0") -> 0 | BJ11: =IFERROR(M11-Y11,"0") -> 0 | BK11: =IFERROR(N11-Z11,"0") -> 0 | BL11: =IFERROR(O11-AA11,"0") -> 0 | BM11: =IFERROR(P11-AB11,"0") -> 0 | BN11: =IFERROR(Q11-AC11,"0") -> 0 | BO11: =IFERROR(R11-AD11,"0") -> 0 | ... BR11: =IFERROR(U11-AG11,"0") -> 0
A12: Brazil_P2 | B12: BRDRNE_P2 | C12: kh.br.sa.bra.18 | D12: Natal | E12: 14335 | F12: Post-drive | J12: 4263 | K12: 46114 | L12: - | M12: - | N12: 46116 | O12: 46117 | P12: 46121 | Q12: 46138 | R12: 46316 | S12: Available | T12: 46341 | U12: 46384 | W12: 46114 | X12: - | Y12: - | Z12: 46116 | AA12: 46117 | AB12: 46121 | AC12: 46138 | AD12: 46316 | AE12: Available | AF12: 46341 | AG12: 46384 | AZ12: 46297 | BA12: Holiday | BH12: =IFERROR(K12-W12,"0") -> 0 | BI12: =IFERROR(L12-X12,"0") -> 0 | BJ12: =IFERROR(M12-Y12,"0") -> 0 | BK12: =IFERROR(N12-Z12,"0") -> 0 | BL12: =IFERROR(O12-AA12,"0") -> 0 | BM12: =IFERROR(P12-AB12,"0") -> 0 | BN12: =IFERROR(Q12-AC12,"0") -> 0 | BO12: =IFERROR(R12-AD12,"0") -> 0 | ... BR12: =IFERROR(U12-AG12,"0") -> 0
A13: Brazil_P2 | B13: BRDRN_P2 | C13: kh.br.sa.bra.13 | D13: Sao Luis | E13: 11777 | F13: Full-drive | J13: 2286 | K13: 46104 | L13: 45663 | M13: 45679 | N13: 46118 | O13: 46120 | P13: 46128 | Q13: 46141 | R13: 46320 | S13: Available | T13: 46344 | U13: 46389 | W13: 46104 | X13: 45663 | Y13: 45679 | Z13: 46118 | AA13: 46120 | AB13: 46128 | AC13: 46141 | AD13: 46320 | AE13: Available | AF13: 46344 | AG13: 46389 | AZ13: 46315 | BA13: Holiday | BH13: =IFERROR(K13-W13,"0") -> 0 | BI13: =IFERROR(L13-X13,"0") -> 0 | BJ13: =IFERROR(M13-Y13,"0") -> 0 | BK13: =IFERROR(N13-Z13,"0") -> 0 | BL13: =IFERROR(O13-AA13,"0") -> 0 | BM13: =IFERROR(P13-AB13,"0") -> 0 | BN13: =IFERROR(Q13-AC13,"0") -> 0 | BO13: =IFERROR(R13-AD13,"0") -> 0 | ... BR13: =IFERROR(U13-AG13,"0") -> 0
A14: Brazil_P2 | B14: BRDRN_P2 | C14: kh.br.sa.bra.14 | D14: Teresina | E14: 8173 | F14: Full-drive | J14: 1748 | K14: 46105 | L14: 45666 | M14: 45687 | N14: 46123 | O14: 46124 | P14: 46127 | Q14: 46136 | R14: 46323 | S14: Available | T14: 46347 | U14: 46392 | W14: 46105 | X14: 45666 | Y14: 45687 | Z14: 46123 | AA14: 46124 | AB14: 46127 | AC14: 46136 | AD14: 46323 | AE14: Available | AF14: 46347 | AG14: 46392 | AZ14: 46335 | BA14: Holiday | BH14: =IFERROR(K14-W14,"0") -> 0 | BI14: =IFERROR(L14-X14,"0") -> 0 | BJ14: =IFERROR(M14-Y14,"0") -> 0 | BK14: =IFERROR(N14-Z14,"0") -> 0 | BL14: =IFERROR(O14-AA14,"0") -> 0 | BM14: =IFERROR(P14-AB14,"0") -> 0 | BN14: =IFERROR(Q14-AC14,"0") -> 0 | BO14: =IFERROR(R14-AD14,"0") -> 0 | ... BR14: =IFERROR(U14-AG14,"0") -> 0
A15: Brazil_P2 | B15: BRDRN_P2 | C15: kh.br.sa.bra.15 | D15: Fortaleza | E15: 15472 | F15: Full-drive | J15: 4370 | K15: 46135 | L15: 45632 | M15: 45656 | N15: 46142 | O15: 46146 | P15: 46147 | Q15: 46168 | R15: 46333 | S15: Available | T15: 46355 | U15: 46400 | W15: 46135 | X15: 45632 | Y15: 45656 | Z15: 46142 | AA15: 46146 | AB15: 46147 | AC15: 46168 | AD15: 46333 | AE15: Available | AF15: 46355 | AG15: 46400 | AZ15: 46381 | BA15: Holiday | BH15: =IFERROR(K15-W15,"0") -> 0 | BI15: =IFERROR(L15-X15,"0") -> 0 | BJ15: =IFERROR(M15-Y15,"0") -> 0 | BK15: =IFERROR(N15-Z15,"0") -> 0 | BL15: =IFERROR(O15-AA15,"0") -> 0 | BM15: =IFERROR(P15-AB15,"0") -> 0 | BN15: =IFERROR(Q15-AC15,"0") -> 0 | BO15: =IFERROR(R15-AD15,"0") -> 0 | ... BR15: =IFERROR(U15-AG15,"0") -> 0
A16: Brazil_P2 | B16: BRDRN_P2 | C16: kh.br.sa.bra.12 | D16: Palmas | E16: 6544 | F16: Full-drive | J16: 869 | K16: 46148 | L16: 45667 | M16: 45688 | N16: 46149 | O16: 46151 | P16: 46155 | Q16: 46172 | R16: 46338 | S16: Available | T16: 46363 | U16: 46408 | W16: 46148 | X16: 45667 | Y16: 45688 | Z16: 46149 | AA16: 46151 | AB16: 46155 | AC16: 46172 | AD16: 46338 | AE16: Available | AF16: 46363 | AG16: 46408 | AZ16: 46388 | BA16: Holiday | BH16: =IFERROR(K16-W16,"0") -> 0 | BI16: =IFERROR(L16-X16,"0") -> 0 | BJ16: =IFERROR(M16-Y16,"0") -> 0 | BK16: =IFERROR(N16-Z16,"0") -> 0 | BL16: =IFERROR(O16-AA16,"0") -> 0 | BM16: =IFERROR(P16-AB16,"0") -> 0 | BN16: =IFERROR(Q16-AC16,"0") -> 0 | BO16: =IFERROR(R16-AD16,"0") -> 0 | ... BR16: =IFERROR(U16-AG16,"0") -> 0
A17: Brazil_P2 | B17: BRDRC_A_P2 | C17: kh.br.sa.bra.10_B | D17: Uberlândia | E17: 24034 | F17: Post-drive | J17: 20596 | K17: 46098 | L17: - | M17: - | N17: 46106 | O17: 46108 | P17: 46108 | Q17: 46140 | R17: 46354 | S17: Available | T17: 46414 | U17: 46446 | W17: 46098 | X17: - | Y17: - | Z17: 46106 | AA17: 46108 | AB17: 46108 | AC17: 46140 | AD17: 46354 | AE17: Available | AF17: 46414 | AG17: 46446 | AZ17: 46401 | BA17: Holiday | BH17: =IFERROR(K17-W17,"0") -> 0 | BI17: =IFERROR(L17-X17,"0") -> 0 | BJ17: =IFERROR(M17-Y17,"0") -> 0 | BK17: =IFERROR(N17-Z17,"0") -> 0 | BL17: =IFERROR(O17-AA17,"0") -> 0 | BM17: =IFERROR(P17-AB17,"0") -> 0 | BN17: =IFERROR(Q17-AC17,"0") -> 0 | BO17: =IFERROR(R17-AD17,"0") -> 0 | ... BR17: =IFERROR(U17-AG17,"0") -> 0
A18: Brazil_P2 | B18: BRDRC_A_P2 | C18: kh.br.sa.bra.10_A | D18: Belo Horizonte | E18: 18327 | F18: Post-drive | J18: 10270 | K18: 46155 | L18: - | M18: - | N18: 46157 | O18: 46160 | P18: 46160 | Q18: 46200 | R18: 46369 | S18: Available | T18: 46426 | U18: 46471 | W18: 46155 | X18: - | Y18: - | Z18: 46157 | AA18: 46160 | AB18: 46160 | AC18: 46200 | AD18: 46369 | AE18: Available | AF18: 46426 | AG18: 46471 | AZ18: 46413 | BA18: Holiday | BH18: =IFERROR(K18-W18,"0") -> 0 | BI18: =IFERROR(L18-X18,"0") -> 0 | BJ18: =IFERROR(M18-Y18,"0") -> 0 | BK18: =IFERROR(N18-Z18,"0") -> 0 | BL18: =IFERROR(O18-AA18,"0") -> 0 | BM18: =IFERROR(P18-AB18,"0") -> 0 | BN18: =IFERROR(Q18-AC18,"0") -> 0 | BO18: =IFERROR(R18-AD18,"0") -> 0 | ... BR18: =IFERROR(U18-AG18,"0") -> 0
A19: Brazil_P2 | B19: BRDRC_A_P2 | C19: kh.br.sa.bra.09_B | D19: Goiânia | E19: 27365 | F19: Full-drive | J19: 10049 | K19: 46201 | L19: 45677 | M19: 45689 | N19: 46229 | O19: 46233 | P19: 46247 | Q19: 46265 | R19: 46383 | S19: Available | T19: 46439 | U19: 46484 | W19: 46201 | X19: 45677 | Y19: 45689 | Z19: 46229 | AA19: 46233 | AB19: 46247 | AC19: 46265 | AD19: 46383 | AE19: Available | AF19: 46439 | AG19: 46484 | AZ19: 46480 | BA19: Holiday | BH19: =IFERROR(K19-W19,"0") -> 0 | BI19: =IFERROR(L19-X19,"0") -> 0 | BJ19: =IFERROR(M19-Y19,"0") -> 0 | BK19: =IFERROR(N19-Z19,"0") -> 0 | BL19: =IFERROR(O19-AA19,"0") -> 0 | BM19: =IFERROR(P19-AB19,"0") -> 0 | BN19: =IFERROR(Q19-AC19,"0") -> 0 | BO19: =IFERROR(R19-AD19,"0") -> 0 | ... BR19: =IFERROR(U19-AG19,"0") -> 0
A20: Brazil_P2 | B20: BRDRC_A_P2 | C20: kh.br.sa.bra.09_A | D20: Brasília | E20: 8952 | F20: Full-drive | J20: 4111 | K20: 46212 | L20: 45654 | M20: 45657 | N20: 46214 | O20: 46220 | P20: 46223 | Q20: 46259 | R20: 46389 | S20: Available | T20: 46449 | U20: 46494 | W20: 46212 | X20: 45654 | Y20: 45657 | Z20: 46214 | AA20: 46220 | AB20: 46223 | AC20: 46259 | AD20: 46389 | AE20: Available | AF20: 46449 | AG20: 46494 | AZ20: 46508 | BA20: Holiday | BH20: =IFERROR(K20-W20,"0") -> 0 | BI20: =IFERROR(L20-X20,"0") -> 0 | BJ20: =IFERROR(M20-Y20,"0") -> 0 | BK20: =IFERROR(N20-Z20,"0") -> 0 | BL20: =IFERROR(O20-AA20,"0") -> 0 | BM20: =IFERROR(P20-AB20,"0") -> 0 | BN20: =IFERROR(Q20-AC20,"0") -> 0 | BO20: =IFERROR(R20-AD20,"0") -> 0 | ... BR20: =IFERROR(U20-AG20,"0") -> 0
A21: Brazil_P2 | B21: BRDRS_A_P2 | C21: kh.br.sa.bra.07_A | D21: Curitiba | E21: 28875 | F21: Post-drive | H21: 649 | I21: 8884 | J21: 14772 | K21: 46312 | L21: - | M21: - | N21: 46313 | O21: 46327 | P21: 46328 | Q21: 46349 | R21: 46404 | S21: Available | T21: 46465 | U21: 46510 | W21: 46312 | X21: - | Y21: - | Z21: 46313 | AA21: 46327 | AB21: 46328 | AC21: 46349 | AD21: 46404 | AE21: Available | AF21: 46465 | AG21: 46510 | AZ21: 46534 | BA21: Holiday | BH21: =IFERROR(K21-W21,"0") -> 0 | BI21: =IFERROR(L21-X21,"0") -> 0 | BJ21: =IFERROR(M21-Y21,"0") -> 0 | BK21: =IFERROR(N21-Z21,"0") -> 0 | BL21: =IFERROR(O21-AA21,"0") -> 0 | BM21: =IFERROR(P21-AB21,"0") -> 0 | BN21: =IFERROR(Q21-AC21,"0") -> 0 | BO21: =IFERROR(R21-AD21,"0") -> 0 | ... BR21: =IFERROR(U21-AG21,"0") -> 0
A22: Brazil_P2 | B22: BRDRS_A_P2 | C22: kh.br.sa.bra.06 | D22: Porto Alegre | E22: 24358 | F22: Full-drive | I22: 8576 | J22: 14356 | K22: 46233 | L22: 45669 | M22: 45688 | N22: 46248 | O22: 46258 | P22: 46305 | Q22: 46323 | R22: 46414 | S22: Available | T22: 46479 | U22: 46519 | W22: 46233 | X22: 45669 | Y22: 45688 | Z22: 46248 | AA22: 46258 | AB22: 46305 | AC22: 46323 | AD22: 46414 | AE22: Available | AF22: 46479 | AG22: 46519 | AZ22: 46540 | BA22: Holiday | BH22: =IFERROR(K22-W22,"0") -> 0 | BI22: =IFERROR(L22-X22,"0") -> 0 | BJ22: =IFERROR(M22-Y22,"0") -> 0 | BK22: =IFERROR(N22-Z22,"0") -> 0 | BL22: =IFERROR(O22-AA22,"0") -> 0 | BM22: =IFERROR(P22-AB22,"0") -> 0 | BN22: =IFERROR(Q22-AC22,"0") -> 0 | BO22: =IFERROR(R22-AD22,"0") -> 0 | ... BR22: =IFERROR(U22-AG22,"0") -> 0
A23: Brazil_P2 | B23: BRDRS_A_P2 | C23: kh.br.sa.bra.05 | D23: Corumba | E23: 12741 | F23: Post-drive | J23: 4124 | K23: 46245 | L23: - | M23: - | N23: 46247 | O23: 46248 | P23: 46275 | Q23: 46285 | R23: 46419 | S23: Available | T23: 46487 | U23: 46524 | W23: 46245 | X23: - | Y23: - | Z23: 46247 | AA23: 46248 | AB23: 46275 | AC23: 46293 | AD23: 46419 | AE23: Available | AF23: 46487 | AG23: 46524 | AZ23: 46614 | BA23: Holiday | BH23: =IFERROR(K23-W23,"0") -> 0 | BI23: =IFERROR(L23-X23,"0") -> 0 | BJ23: =IFERROR(M23-Y23,"0") -> 0 | BK23: =IFERROR(N23-Z23,"0") -> 0 | BL23: =IFERROR(O23-AA23,"0") -> 0 | BM23: =IFERROR(P23-AB23,"0") -> 0 | BN23: =IFERROR(Q23-AC23,"0") -> -8 | BO23: =IFERROR(R23-AD23,"0") -> 0 | ... BR23: =IFERROR(U23-AG23,"0") -> 0
A24: Brazil_P2 | B24: BRDRS_A_P2 | C24: kh.br.sa.bra.07_B | D24: Joinville | E24: 16540 | F24: Full-drive | H24: 1845 | I24: 5490 | J24: 8436 | K24: 46350 | L24: 45689 | M24: 45698 | N24: 46351 | O24: 46372 | P24: 46373 | Q24: 46403 | R24: 46427 | S24: Available | T24: 46497 | U24: 46532 | W24: 46350 | X24: 45689 | Y24: 45698 | Z24: 46351 | AA24: 46372 | AB24: 46373 | AC24: 46403 | AD24: 46427 | AE24: Available | AF24: 46497 | AG24: 46532 | AZ24: 46644 | BA24: Holiday | BH24: =IFERROR(K24-W24,"0") -> 0 | BI24: =IFERROR(L24-X24,"0") -> 0 | BJ24: =IFERROR(M24-Y24,"0") -> 0 | BK24: =IFERROR(N24-Z24,"0") -> 0 | BL24: =IFERROR(O24-AA24,"0") -> 0 | BM24: =IFERROR(P24-AB24,"0") -> 0 | BN24: =IFERROR(Q24-AC24,"0") -> 0 | BO24: =IFERROR(R24-AD24,"0") -> 0 | ... BR24: =IFERROR(U24-AG24,"0") -> 0
A25: Brazil_P2 | B25: BRDRW_P2 | C25: kh.br.sa.bra.04 | D25: Cuiaba | E25: 13464 | F25: Post-drive | I25: 2508 | J25: 6545 | K25: 46253 | L25: - | M25: - | N25: 46259 | O25: 46262 | P25: 46307 | Q25: 46325 | R25: 46434 | S25: Available | T25: 46507 | U25: 46538 | W25: 46253 | X25: - | Y25: - | Z25: 46259 | AA25: 46262 | AB25: 46307 | AC25: 46325 | AD25: 46434 | AE25: Available | AF25: 46507 | AG25: 46538 | AZ25: 46662 | BA25: Holiday | BH25: =IFERROR(K25-W25,"0") -> 0 | BI25: =IFERROR(L25-X25,"0") -> 0 | BJ25: =IFERROR(M25-Y25,"0") -> 0 | BK25: =IFERROR(N25-Z25,"0") -> 0 | BL25: =IFERROR(O25-AA25,"0") -> 0 | BM25: =IFERROR(P25-AB25,"0") -> 0 | BN25: =IFERROR(Q25-AC25,"0") -> 0 | BO25: =IFERROR(R25-AD25,"0") -> 0 | ... BR25: =IFERROR(U25-AG25,"0") -> 0
A26: Brazil_P2 | B26: BRDRW_P2 | C26: kh.br.sa.bra.01 | D26: Porto Velho | E26: 5848 | F26: Zero-drive | J26: 2920 | K26: 46259 | L26: 45602 | M26: 45604 | N26: 46260 | O26: 46263 | P26: 46281 | Q26: 46284 | R26: 46435 | S26: Available | T26: 46512 | U26: 46542 | W26: 46259 | X26: 45602 | Y26: 45604 | Z26: 46260 | AA26: 46263 | AB26: 46280 | AC26: 46295 | AD26: 46435 | AE26: Available | AF26: 46512 | AG26: 46542 | AZ26: 46680 | BA26: Holiday | BH26: =IFERROR(K26-W26,"0") -> 0 | BI26: =IFERROR(L26-X26,"0") -> 0 | BJ26: =IFERROR(M26-Y26,"0") -> 0 | BK26: =IFERROR(N26-Z26,"0") -> 0 | BL26: =IFERROR(O26-AA26,"0") -> 0 | BM26: =IFERROR(P26-AB26,"0") -> 1 | BN26: =IFERROR(Q26-AC26,"0") -> -11 | BO26: =IFERROR(R26-AD26,"0") -> 0 | ... BR26: =IFERROR(U26-AG26,"0") -> 0
A27: Brazil_P2 | B27: BRDRW_P2 | C27: kh.br.sa.bra.03 | D27: Belem | E27: 8948 | F27: Zero-drive | H27: 2408 | I27: 718 | J27: 5554 | K27: 46272 | L27: 45604 | M27: 45614 | N27: 46282 | O27: 46296 | P27: 46300 | Q27: 46321 | R27: 46437 | S27: Available | T27: 46518 | U27: 46544 | W27: 46272 | X27: 45604 | Y27: 45614 | Z27: 46280 | AA27: 46296 | AB27: 46300 | AC27: 46321 | AD27: 46437 | AE27: Available | AF27: 46518 | AG27: 46544 | AZ27: 46700 | BA27: Holiday | BH27: =IFERROR(K27-W27,"0") -> 0 | BI27: =IFERROR(L27-X27,"0") -> 0 | BJ27: =IFERROR(M27-Y27,"0") -> 0 | BK27: =IFERROR(N27-Z27,"0") -> 2 | BL27: =IFERROR(O27-AA27,"0") -> 0 | BM27: =IFERROR(P27-AB27,"0") -> 0 | BN27: =IFERROR(Q27-AC27,"0") -> 0 | BO27: =IFERROR(R27-AD27,"0") -> 0 | ... BR27: =IFERROR(U27-AG27,"0") -> 0
A28: Brazil_P2 | B28: BRDRW_P2 | C28: kh.br.sa.bra.02 | D28: Manaus | E28: 13424 | F28: Post-drive | H28: 226 | I28: 318 | J28: 3840 | K28: 46276 | L28: - | M28: - | N28: 46282 | O28: 46299 | P28: 46302 | Q28: 46326 | R28: 46437 | S28: Available | T28: 46523 | U28: 46546 | W28: 46276 | X28: - | Y28: - | Z28: 46280 | AA28: 46299 | AB28: 46302 | AC28: 46326 | AD28: 46437 | AE28: Available | AF28: 46523 | AG28: 46546 | AZ28: 46746 | BA28: Holiday | BH28: =IFERROR(K28-W28,"0") -> 0 | BI28: =IFERROR(L28-X28,"0") -> 0 | BJ28: =IFERROR(M28-Y28,"0") -> 0 | BK28: =IFERROR(N28-Z28,"0") -> 2 | BL28: =IFERROR(O28-AA28,"0") -> 0 | BM28: =IFERROR(P28-AB28,"0") -> 0 | BN28: =IFERROR(Q28-AC28,"0") -> 0 | BO28: =IFERROR(R28-AD28,"0") -> 0 | ... BR28: =IFERROR(U28-AG28,"0") -> 0
A29: Indonesia | B29: IDDRSM | C29: kh.br.as.idn.01 | D29: Aceh | E29: 7632.6119 | F29: FD | G29: 237 | H29: 676 | I29: 843 | J29: 608 | K29: 46594 | L29: 46579 | M29: 46589 | N29: 46595 | O29: 46609 | P29: 46610 | Q29: 46635 | R29: 46719 | S29: Not Available | T29: 46720 | U29: 46735 | W29: 46594 | X29: 46579 | Y29: 46589 | Z29: 46595 | AA29: 46609 | AB29: 46610 | AC29: 46635 | AD29: 46719 | AE29: Not Available | AF29: 46720 | AG29: 46735 | AZ29: 46753 | BA29: Holiday | BH29: =IFERROR(K29-W29,"0") -> 0 | BI29: =IFERROR(L29-X29,"0") -> 0 | BJ29: =IFERROR(M29-Y29,"0") -> 0 | BK29: =IFERROR(N29-Z29,"0") -> 0 | BL29: =IFERROR(O29-AA29,"0") -> 0 | BM29: =IFERROR(P29-AB29,"0") -> 0 | BN29: =IFERROR(Q29-AC29,"0") -> 0 | BO29: =IFERROR(R29-AD29,"0") -> 0 | ... BR29: =IFERROR(U29-AG29,"0") -> 0
A30: Indonesia | B30: IDDRSM | C30: kh.br.as.idn.05 | D30: Lampung | E30: 11419.856 | F30: FD | G30: 405 | H30: 1155 | I30: 1441 | J30: 1037 | K30: 46627 | L30: 46612 | M30: 46622 | N30: 46628 | O30: 46642 | P30: 46643 | Q30: 46668 | R30: 46739 | S30: Not Available | T30: 46740 | U30: 46762 | W30: 46627 | X30: 46612 | Y30: 46622 | Z30: 46628 | AA30: 46642 | AB30: 46643 | AC30: 46668 | AD30: 46739 | AE30: Not Available | AF30: 46740 | AG30: 46762 | AZ30: 46778 | BA30: Holiday | BH30: =IFERROR(K30-W30,"0") -> 0 | BI30: =IFERROR(L30-X30,"0") -> 0 | BJ30: =IFERROR(M30-Y30,"0") -> 0 | BK30: =IFERROR(N30-Z30,"0") -> 0 | BL30: =IFERROR(O30-AA30,"0") -> 0 | BM30: =IFERROR(P30-AB30,"0") -> 0 | BN30: =IFERROR(Q30-AC30,"0") -> 0 | BO30: =IFERROR(R30-AD30,"0") -> 0 | ... BR30: =IFERROR(U30-AG30,"0") -> 0
A31: Indonesia | B31: IDDRSM | C31: kh.br.as.idn.04 | D31: Sumatra Island South | E31: 21126.636 | F31: FD | G31: 697 | H31: 1985 | I31: 2478 | J31: 1781 | K31: 46639 | L31: 46624 | M31: 46634 | N31: 46640 | O31: 46654 | P31: 46655 | Q31: 46679 | R31: 46754 | S31: Not Available | T31: 46756 | U31: 46777 | W31: 46639 | X31: 46624 | Y31: 46634 | Z31: 46640 | AA31: 46654 | AB31: 46655 | AC31: 46679 | AD31: 46754 | AE31: Not Available | AF31: 46756 | AG31: 46777 | AZ31: 46846 | BA31: Holiday | BH31: =IFERROR(K31-W31,"0") -> 0 | BI31: =IFERROR(L31-X31,"0") -> 0 | BJ31: =IFERROR(M31-Y31,"0") -> 0 | BK31: =IFERROR(N31-Z31,"0") -> 0 | BL31: =IFERROR(O31-AA31,"0") -> 0 | BM31: =IFERROR(P31-AB31,"0") -> 0 | BN31: =IFERROR(Q31-AC31,"0") -> 0 | BO31: =IFERROR(R31-AD31,"0") -> 0 | ... BR31: =IFERROR(U31-AG31,"0") -> 0
A32: Indonesia | B32: IDDRSM | C32: kh.br.as.idn.03 | D32: Sumatra Island Central | E32: 20891.286 | F32: FD | G32: 630 | H32: 1793 | I32: 2239 | J32: 1611 | K32: 46651 | L32: 46636 | M32: 46646 | N32: 46652 | O32: 46666 | P32: 46667 | Q32: 46692 | R32: 46766 | S32: Not Available | T32: 46768 | U32: 46790 | W32: 46651 | X32: 46636 | Y32: 46646 | Z32: 46652 | AA32: 46666 | AB32: 46667 | AC32: 46692 | AD32: 46766 | AE32: Not Available | AF32: 46768 | AG32: 46790 | AZ32: 46874 | BA32: Holiday | BH32: =IFERROR(K32-W32,"0") -> 0 | BI32: =IFERROR(L32-X32,"0") -> 0 | BJ32: =IFERROR(M32-Y32,"0") -> 0 | BK32: =IFERROR(N32-Z32,"0") -> 0 | BL32: =IFERROR(O32-AA32,"0") -> 0 | BM32: =IFERROR(P32-AB32,"0") -> 0 | BN32: =IFERROR(Q32-AC32,"0") -> 0 | BO32: =IFERROR(R32-AD32,"0") -> 0 | ... BR32: =IFERROR(U32-AG32,"0") -> 0
A33: Indonesia | B33: IDDRSM | C33: kh.br.as.idn.02 | D33: Medan | E33: 17053.204 | F33: FD | G33: 666 | H33: 1897 | I33: 2368 | J33: 1704 | K33: 46659 | L33: 46645 | M33: 46654 | N33: 46660 | O33: 46674 | P33: 46675 | Q33: 46699 | R33: 46780 | S33: Not Available | T33: 46781 | U33: 46803 | W33: 46659 | X33: 46645 | Y33: 46654 | Z33: 46660 | AA33: 46674 | AB33: 46675 | AC33: 46699 | AD33: 46780 | AE33: Not Available | AF33: 46781 | AG33: 46803 | AZ33: 46900 | BA33: Holiday | BH33: =IFERROR(K33-W33,"0") -> 0 | BI33: =IFERROR(L33-X33,"0") -> 0 | BJ33: =IFERROR(M33-Y33,"0") -> 0 | BK33: =IFERROR(N33-Z33,"0") -> 0 | BL33: =IFERROR(O33-AA33,"0") -> 0 | BM33: =IFERROR(P33-AB33,"0") -> 0 | BN33: =IFERROR(Q33-AC33,"0") -> 0 | BO33: =IFERROR(R33-AD33,"0") -> 0 | ... BR33: =IFERROR(U33-AG33,"0") -> 0
A34: Indonesia | B34: IDDRKA | C34: kh.br.as.idn.07 | D34: West Kalimantan | E34: 24285.384 | F34: FD | G34: 364 | H34: 1036 | I34: 1293 | J34: 931 | K34: 46663 | L34: 46648 | M34: 46658 | N34: 46664 | O34: 46678 | P34: 46679 | Q34: 46704 | R34: 46794 | S34: Not Available | T34: 46795 | U34: 46817 | W34: 46663 | X34: 46648 | Y34: 46658 | Z34: 46664 | AA34: 46678 | AB34: 46679 | AC34: 46704 | AD34: 46794 | AE34: Not Available | AF34: 46795 | AG34: 46817 | AZ34: 46906 | BA34: Holiday | BH34: =IFERROR(K34-W34,"0") -> 0 | BI34: =IFERROR(L34-X34,"0") -> 0 | BJ34: =IFERROR(M34-Y34,"0") -> 0 | BK34: =IFERROR(N34-Z34,"0") -> 0 | BL34: =IFERROR(O34-AA34,"0") -> 0 | BM34: =IFERROR(P34-AB34,"0") -> 0 | BN34: =IFERROR(Q34-AC34,"0") -> 0 | BO34: =IFERROR(R34-AD34,"0") -> 0 | ... BR34: =IFERROR(U34-AG34,"0") -> 0
A35: Indonesia | B35: IDDRKA | C35: kh.br.as.idn.06 | D35: East Kalimantan | E35: 19072.713 | F35: FD | G35: 384 | H35: 1095 | I35: 1367 | J35: 983 | K35: 46666 | L35: 46651 | M35: 46661 | N35: 46667 | O35: 46681 | P35: 46682 | Q35: 46707 | R35: 46805 | S35: Not Available | T35: 46806 | U35: 46828 | W35: 46666 | X35: 46651 | Y35: 46661 | Z35: 46667 | AA35: 46681 | AB35: 46682 | AC35: 46707 | AD35: 46805 | AE35: Not Available | AF35: 46806 | AG35: 46828 | AZ35: 46980 | BA35: Holiday | BH35: =IFERROR(K35-W35,"0") -> 0 | BI35: =IFERROR(L35-X35,"0") -> 0 | BJ35: =IFERROR(M35-Y35,"0") -> 0 | BK35: =IFERROR(N35-Z35,"0") -> 0 | BL35: =IFERROR(O35-AA35,"0") -> 0 | BM35: =IFERROR(P35-AB35,"0") -> 0 | BN35: =IFERROR(Q35-AC35,"0") -> 0 | BO35: =IFERROR(R35-AD35,"0") -> 0 | ... BR35: =IFERROR(U35-AG35,"0") -> 0
A36: Indonesia | B36: IDDRJW | C36: kh.br.as.idn.09 | D36: Jakarta | E36: 3670.6587 | F36: FD | G36: 475 | H36: 1354 | I36: 1690 | J36: 1217 | K36: 46674 | L36: 46659 | M36: 46669 | N36: 46675 | O36: 46689 | P36: 46690 | Q36: 46715 | R36: 46815 | S36: Not Available | T36: 46816 | U36: 46838 | W36: 46674 | X36: 46659 | Y36: 46669 | Z36: 46675 | AA36: 46689 | AB36: 46690 | AC36: 46715 | AD36: 46815 | AE36: Not Available | AF36: 46816 | AG36: 46838 | AZ36: 47028 | BA36: Holiday | BH36: =IFERROR(K36-W36,"0") -> 0 | BI36: =IFERROR(L36-X36,"0") -> 0 | BJ36: =IFERROR(M36-Y36,"0") -> 0 | BK36: =IFERROR(N36-Z36,"0") -> 0 | BL36: =IFERROR(O36-AA36,"0") -> 0 | BM36: =IFERROR(P36-AB36,"0") -> 0 | BN36: =IFERROR(Q36-AC36,"0") -> 0 | BO36: =IFERROR(R36-AD36,"0") -> 0 | ... BR36: =IFERROR(U36-AG36,"0") -> 0
A37: Indonesia | B37: IDDRJW | C37: kh.br.as.idn.08 | D37: Banten | E37: 7393.3955 | F37: FD | G37: 536 | H37: 1526 | I37: 1904 | J37: 1373 | K37: 46684 | L37: 46669 | M37: 46679 | N37: 46685 | O37: 46699 | P37: 46701 | Q37: 46725 | R37: 46835 | S37: Not Available | T37: 46836 | U37: 46858 | W37: 46684 | X37: 46669 | Y37: 46679 | Z37: 46685 | AA37: 46699 | AB37: 46701 | AC37: 46725 | AD37: 46835 | AE37: Not Available | AF37: 46836 | AG37: 46858 | AZ37: 47046 | BA37: Holiday | BH37: =IFERROR(K37-W37,"0") -> 0 | BI37: =IFERROR(L37-X37,"0") -> 0 | BJ37: =IFERROR(M37-Y37,"0") -> 0 | BK37: =IFERROR(N37-Z37,"0") -> 0 | BL37: =IFERROR(O37-AA37,"0") -> 0 | BM37: =IFERROR(P37-AB37,"0") -> 0 | BN37: =IFERROR(Q37-AC37,"0") -> 0 | BO37: =IFERROR(R37-AD37,"0") -> 0 | ... BR37: =IFERROR(U37-AG37,"0") -> 0
A38: Indonesia | B38: IDDRJW | C38: kh.br.as.idn.10_A | D38: West Java A | E38: 11005.77 | F38: FD | G38: 777 | H38: 2212 | I38: 2760 | J38: 1988 | K38: 46703 | L38: 46688 | M38: 46698 | N38: 46704 | O38: 46718 | P38: 46719 | Q38: 46744 | R38: 46851 | S38: Not Available | T38: 46852 | U38: 46874 | W38: 46703 | X38: 46688 | Y38: 46698 | Z38: 46704 | AA38: 46718 | AB38: 46719 | AC38: 46744 | AD38: 46851 | AE38: Not Available | AF38: 46852 | AG38: 46874 | AZ38: 47066 | BA38: Holiday | BH38: =IFERROR(K38-W38,"0") -> 0 | BI38: =IFERROR(L38-X38,"0") -> 0 | BJ38: =IFERROR(M38-Y38,"0") -> 0 | BK38: =IFERROR(N38-Z38,"0") -> 0 | BL38: =IFERROR(O38-AA38,"0") -> 0 | BM38: =IFERROR(P38-AB38,"0") -> 0 | BN38: =IFERROR(Q38-AC38,"0") -> 0 | BO38: =IFERROR(R38-AD38,"0") -> 0 | ... BR38: =IFERROR(U38-AG38,"0") -> 0
A39: Indonesia | B39: IDDRJW | C39: kh.br.as.idn.12_C | D39: East Java C | E39: 13706.379 | F39: FD | G39: 632 | H39: 1799 | I39: 2245 | J39: 1616 | K39: 46720 | L39: 46705 | M39: 46715 | N39: 46721 | O39: 46735 | P39: 46736 | Q39: 46761 | R39: 46867 | S39: Not Available | T39: 46868 | U39: 46890 | W39: 46720 | X39: 46705 | Y39: 46715 | Z39: 46721 | AA39: 46735 | AB39: 46736 | AC39: 46761 | AD39: 46867 | AE39: Not Available | AF39: 46868 | AG39: 46890 | AZ39: 47112 | BA39: Holiday | BH39: =IFERROR(K39-W39,"0") -> 0 | BI39: =IFERROR(L39-X39,"0") -> 0 | BJ39: =IFERROR(M39-Y39,"0") -> 0 | BK39: =IFERROR(N39-Z39,"0") -> 0 | BL39: =IFERROR(O39-AA39,"0") -> 0 | BM39: =IFERROR(P39-AB39,"0") -> 0 | BN39: =IFERROR(Q39-AC39,"0") -> 0 | BO39: =IFERROR(R39-AD39,"0") -> 0 | ... BR39: =IFERROR(U39-AG39,"0") -> 0
A40: Indonesia | B40: IDDRJW | C40: kh.br.as.idn.11_C | D40: Yogyakarta | E40: 13092.842 | F40: FD | G40: 483 | H40: 1375 | I40: 1715 | J40: 1234 | K40: 46738 | L40: 46723 | M40: 46733 | N40: 46739 | O40: 46754 | P40: 46755 | Q40: 46779 | R40: 46880 | S40: Not Available | T40: 46882 | U40: 46903 | W40: 46738 | X40: 46723 | Y40: 46733 | Z40: 46739 | AA40: 46754 | AB40: 46755 | AC40: 46779 | AD40: 46880 | AE40: Not Available | AF40: 46882 | AG40: 46903 | BH40: =IFERROR(K40-W40,"0") -> 0 | BI40: =IFERROR(L40-X40,"0") -> 0 | BJ40: =IFERROR(M40-Y40,"0") -> 0 | BK40: =IFERROR(N40-Z40,"0") -> 0 | BL40: =IFERROR(O40-AA40,"0") -> 0 | BM40: =IFERROR(P40-AB40,"0") -> 0 | BN40: =IFERROR(Q40-AC40,"0") -> 0 | BO40: =IFERROR(R40-AD40,"0") -> 0 | ... BR40: =IFERROR(U40-AG40,"0") -> 0
A41: Indonesia | B41: IDDRJW | C41: kh.br.as.idn.12_B | D41: East Java B | E41: 11238.813 | F41: FD | G41: 625 | H41: 1781 | I41: 2222 | J41: 1601 | K41: 46759 | L41: 46744 | M41: 46754 | N41: 46760 | O41: 46774 | P41: 46775 | Q41: 46800 | R41: 46891 | S41: Not Available | T41: 46892 | U41: 46914 | W41: 46759 | X41: 46744 | Y41: 46754 | Z41: 46760 | AA41: 46774 | AB41: 46775 | AC41: 46800 | AD41: 46891 | AE41: Not Available | AF41: 46892 | AG41: 46914 | BH41: =IFERROR(K41-W41,"0") -> 0 | BI41: =IFERROR(L41-X41,"0") -> 0 | BJ41: =IFERROR(M41-Y41,"0") -> 0 | BK41: =IFERROR(N41-Z41,"0") -> 0 | BL41: =IFERROR(O41-AA41,"0") -> 0 | BM41: =IFERROR(P41-AB41,"0") -> 0 | BN41: =IFERROR(Q41-AC41,"0") -> 0 | BO41: =IFERROR(R41-AD41,"0") -> 0 | ... BR41: =IFERROR(U41-AG41,"0") -> 0
A42: Indonesia | B42: IDDRJW | C42: kh.br.as.idn.11_B | D42: Central Java B | E42: 9545.187 | F42: FD | G42: 509 | H42: 1449 | I42: 1810 | J42: 1302 | K42: 46775 | L42: 46760 | M42: 46770 | N42: 46776 | O42: 46790 | P42: 46791 | Q42: 46816 | R42: 46901 | S42: Not Available | T42: 46902 | U42: 46924 | W42: 46775 | X42: 46760 | Y42: 46770 | Z42: 46776 | AA42: 46790 | AB42: 46791 | AC42: 46816 | AD42: 46901 | AE42: Not Available | AF42: 46902 | AG42: 46924 | BH42: =IFERROR(K42-W42,"0") -> 0 | BI42: =IFERROR(L42-X42,"0") -> 0 | BJ42: =IFERROR(M42-Y42,"0") -> 0 | BK42: =IFERROR(N42-Z42,"0") -> 0 | BL42: =IFERROR(O42-AA42,"0") -> 0 | BM42: =IFERROR(P42-AB42,"0") -> 0 | BN42: =IFERROR(Q42-AC42,"0") -> 0 | BO42: =IFERROR(R42-AD42,"0") -> 0 | ... BR42: =IFERROR(U42-AG42,"0") -> 0
A43: Indonesia | B43: IDDRJW | C43: kh.br.as.idn.12_A | D43: East Java A | E43: 11006.766 | F43: FD | G43: 573 | H43: 1632 | I43: 2038 | J43: 1466 | K43: 46791 | L43: 46776 | M43: 46786 | N43: 46792 | O43: 46806 | P43: 46807 | Q43: 46832 | R43: 46914 | S43: Not Available | T43: 46915 | U43: 46937 | W43: 46791 | X43: 46776 | Y43: 46786 | Z43: 46792 | AA43: 46806 | AB43: 46807 | AC43: 46832 | AD43: 46914 | AE43: Not Available | AF43: 46915 | AG43: 46937 | BH43: =IFERROR(K43-W43,"0") -> 0 | BI43: =IFERROR(L43-X43,"0") -> 0 | BJ43: =IFERROR(M43-Y43,"0") -> 0 | BK43: =IFERROR(N43-Z43,"0") -> 0 | BL43: =IFERROR(O43-AA43,"0") -> 0 | BM43: =IFERROR(P43-AB43,"0") -> 0 | BN43: =IFERROR(Q43-AC43,"0") -> 0 | BO43: =IFERROR(R43-AD43,"0") -> 0 | ... BR43: =IFERROR(U43-AG43,"0") -> 0
A44: Indonesia | B44: IDDRJW | C44: kh.br.as.idn.10_C | D44: West Java C | E44: 9856.5905 | F44: FD | G44: 627 | H44: 1786 | I44: 2229 | J44: 1604 | K44: 46805 | L44: 46790 | M44: 46800 | N44: 46806 | O44: 46820 | P44: 46821 | Q44: 46846 | R44: 46924 | S44: Not Available | T44: 46925 | U44: 46947 | W44: 46805 | X44: 46790 | Y44: 46800 | Z44: 46806 | AA44: 46820 | AB44: 46821 | AC44: 46846 | AD44: 46924 | AE44: Not Available | AF44: 46925 | AG44: 46947 | BH44: =IFERROR(K44-W44,"0") -> 0 | BI44: =IFERROR(L44-X44,"0") -> 0 | BJ44: =IFERROR(M44-Y44,"0") -> 0 | BK44: =IFERROR(N44-Z44,"0") -> 0 | BL44: =IFERROR(O44-AA44,"0") -> 0 | BM44: =IFERROR(P44-AB44,"0") -> 0 | BN44: =IFERROR(Q44-AC44,"0") -> 0 | BO44: =IFERROR(R44-AD44,"0") -> 0 | ... BR44: =IFERROR(U44-AG44,"0") -> 0
A45: Indonesia | B45: IDDRJW | C45: kh.br.as.idn.10_B | D45: West Java B | E45: 9493.5621 | F45: FD | G45: 769 | H45: 2190 | I45: 2733 | J45: 1968 | K45: 46820 | L45: 46805 | M45: 46815 | N45: 46821 | O45: 46835 | P45: 46836 | Q45: 46861 | R45: 46934 | S45: Not Available | T45: 46935 | U45: 46957 | W45: 46820 | X45: 46805 | Y45: 46815 | Z45: 46821 | AA45: 46835 | AB45: 46836 | AC45: 46861 | AD45: 46934 | AE45: Not Available | AF45: 46935 | AG45: 46957 | BH45: =IFERROR(K45-W45,"0") -> 0 | BI45: =IFERROR(L45-X45,"0") -> 0 | BJ45: =IFERROR(M45-Y45,"0") -> 0 | BK45: =IFERROR(N45-Z45,"0") -> 0 | BL45: =IFERROR(O45-AA45,"0") -> 0 | BM45: =IFERROR(P45-AB45,"0") -> 0 | BN45: =IFERROR(Q45-AC45,"0") -> 0 | BO45: =IFERROR(R45-AD45,"0") -> 0 | ... BR45: =IFERROR(U45-AG45,"0") -> 0
A46: Indonesia | B46: IDDRJW | C46: kh.br.as.idn.11_A | D46: Central Java A | E46: 8464.8366 | F46: FD | G46: 652 | H46: 1858 | I46: 2318 | J46: 1669 | K46: 46835 | L46: 46820 | M46: 46830 | N46: 46836 | O46: 46850 | P46: 46851 | Q46: 46876 | R46: 46943 | S46: Not Available | T46: 46944 | U46: 46966 | W46: 46835 | X46: 46820 | Y46: 46830 | Z46: 46836 | AA46: 46850 | AB46: 46851 | AC46: 46876 | AD46: 46943 | AE46: Not Available | AF46: 46944 | AG46: 46966 | BH46: =IFERROR(K46-W46,"0") -> 0 | BI46: =IFERROR(L46-X46,"0") -> 0 | BJ46: =IFERROR(M46-Y46,"0") -> 0 | BK46: =IFERROR(N46-Z46,"0") -> 0 | BL46: =IFERROR(O46-AA46,"0") -> 0 | BM46: =IFERROR(P46-AB46,"0") -> 0 | BN46: =IFERROR(Q46-AC46,"0") -> 0 | BO46: =IFERROR(R46-AD46,"0") -> 0 | ... BR46: =IFERROR(U46-AG46,"0") -> 0
A47: Indonesia | B47: IDDRSL | C47: kh.br.as.idn.14 | D47: Celebes South | E47: 19403.965 | F47: FD | G47: 590 | H47: 1681 | I47: 2097 | J47: 1510 | K47: 46850 | L47: 46835 | M47: 46845 | N47: 46851 | O47: 46865 | P47: 46866 | Q47: 46891 | R47: 46955 | S47: Not Available | T47: 46956 | U47: 46977 | W47: 46850 | X47: 46835 | Y47: 46845 | Z47: 46851 | AA47: 46865 | AB47: 46866 | AC47: 46891 | AD47: 46955 | AE47: Not Available | AF47: 46956 | AG47: 46977 | BH47: =IFERROR(K47-W47,"0") -> 0 | BI47: =IFERROR(L47-X47,"0") -> 0 | BJ47: =IFERROR(M47-Y47,"0") -> 0 | BK47: =IFERROR(N47-Z47,"0") -> 0 | BL47: =IFERROR(O47-AA47,"0") -> 0 | BM47: =IFERROR(P47-AB47,"0") -> 0 | BN47: =IFERROR(Q47-AC47,"0") -> 0 | BO47: =IFERROR(R47-AD47,"0") -> 0 | ... BR47: =IFERROR(U47-AG47,"0") -> 0
A48: Indonesia | B48: IDDRSL | C48: kh.br.as.idn.13 | D48: Celebes North | E48: 9176.757 | F48: FD | G48: 305 | H48: 869 | I48: 1084 | J48: 781 | K48: 46854 | L48: 46839 | M48: 46849 | N48: 46855 | O48: 46869 | P48: 46870 | Q48: 46895 | R48: 46958 | S48: Not Available | T48: 46959 | U48: 46981 | W48: 46854 | X48: 46839 | Y48: 46849 | Z48: 46855 | AA48: 46869 | AB48: 46870 | AC48: 46895 | AD48: 46958 | AE48: Not Available | AF48: 46959 | AG48: 46981 | BH48: =IFERROR(K48-W48,"0") -> 0 | BI48: =IFERROR(L48-X48,"0") -> 0 | BJ48: =IFERROR(M48-Y48,"0") -> 0 | BK48: =IFERROR(N48-Z48,"0") -> 0 | BL48: =IFERROR(O48-AA48,"0") -> 0 | BM48: =IFERROR(P48-AB48,"0") -> 0 | BN48: =IFERROR(Q48-AC48,"0") -> 0 | BO48: =IFERROR(R48-AD48,"0") -> 0 | ... BR48: =IFERROR(U48-AG48,"0") -> 0
A49: Indonesia | B49: IDDRNU | C49: kh.br.as.idn.16 | D49: East Nusa Tenggara | E49: 10516.762 | F49: FD | G49: 240 | H49: 683 | I49: 852 | J49: 615 | K49: 46860 | L49: 46845 | M49: 46855 | N49: 46861 | O49: 46875 | P49: 46876 | Q49: 46901 | R49: 46963 | S49: Not Available | T49: 46964 | U49: 46986 | W49: 46860 | X49: 46845 | Y49: 46855 | Z49: 46861 | AA49: 46875 | AB49: 46876 | AC49: 46901 | AD49: 46963 | AE49: Not Available | AF49: 46964 | AG49: 46986 | BH49: =IFERROR(K49-W49,"0") -> 0 | BI49: =IFERROR(L49-X49,"0") -> 0 | BJ49: =IFERROR(M49-Y49,"0") -> 0 | BK49: =IFERROR(N49-Z49,"0") -> 0 | BL49: =IFERROR(O49-AA49,"0") -> 0 | BM49: =IFERROR(P49-AB49,"0") -> 0 | BN49: =IFERROR(Q49-AC49,"0") -> 0 | BO49: =IFERROR(R49-AD49,"0") -> 0 | ... BR49: =IFERROR(U49-AG49,"0") -> 0
A50: Indonesia | B50: IDDRNU | C50: kh.br.as.idn.15 | D50: Bali | E50: 9142.3823 | F50: FD | G50: 434 | H50: 1236 | I50: 1542 | J50: 1109 | K50: 46870 | L50: 46855 | M50: 46865 | N50: 46871 | O50: 46885 | P50: 46886 | Q50: 46911 | R50: 46969 | S50: Not Available | T50: 46971 | U50: 46993 | W50: 46870 | X50: 46855 | Y50: 46865 | Z50: 46871 | AA50: 46885 | AB50: 46886 | AC50: 46911 | AD50: 46969 | AE50: Not Available | AF50: 46971 | AG50: 46993 | BH50: =IFERROR(K50-W50,"0") -> 0 | BI50: =IFERROR(L50-X50,"0") -> 0 | BJ50: =IFERROR(M50-Y50,"0") -> 0 | BK50: =IFERROR(N50-Z50,"0") -> 0 | BL50: =IFERROR(O50-AA50,"0") -> 0 | BM50: =IFERROR(P50-AB50,"0") -> 0 | BN50: =IFERROR(Q50-AC50,"0") -> 0 | BO50: =IFERROR(R50-AD50,"0") -> 0 | ... BR50: =IFERROR(U50-AG50,"0") -> 0
A51: Indonesia | B51: IDDRML | C51: kh.br.as.idn.18 | D51: North Maluku | E51: 3589.092 | F51: FD | G51: 58 | H51: 164 | I51: 205 | J51: 150 | K51: 46871 | L51: 46856 | M51: 46866 | N51: 46872 | O51: 46886 | P51: 46887 | Q51: 46912 | R51: 46970 | S51: Not Available | T51: 46972 | U51: 46994 | W51: 46871 | X51: 46856 | Y51: 46866 | Z51: 46872 | AA51: 46886 | AB51: 46887 | AC51: 46912 | AD51: 46970 | AE51: Not Available | AF51: 46972 | AG51: 46994 | BH51: =IFERROR(K51-W51,"0") -> 0 | BI51: =IFERROR(L51-X51,"0") -> 0 | BJ51: =IFERROR(M51-Y51,"0") -> 0 | BK51: =IFERROR(N51-Z51,"0") -> 0 | BL51: =IFERROR(O51-AA51,"0") -> 0 | BM51: =IFERROR(P51-AB51,"0") -> 0 | BN51: =IFERROR(Q51-AC51,"0") -> 0 | BO51: =IFERROR(R51-AD51,"0") -> 0 | ... BR51: =IFERROR(U51-AG51,"0") -> 0
... A72: Philippines | B72: PHDR3 | C72: kh.br.as.phl.12 | D72: Zamboanga Peninsula | E72: 5603.0375 | F72: FD | G72: 112 | H72: 215 | I72: 231 | J72: 906 | K72: 46978 | L72: 46963 | M72: 46973 | N72: 46979 | O72: 46987 | P72: 46988 | Q72: 47013 | R72: 47073 | S72: Not Available | T72: 47074 | U72: 47094 | W72: 46978 | X72: 46963 | Y72: 46973 | Z72: 46979 | AA72: 46987 | AB72: 46988 | AC72: 47013 | AD72: 47073 | AE72: Not Available | AF72: 47074 | AG72: 47094 | BH72: =IFERROR(K72-W72,"0") -> 0 | BI72: =IFERROR(L72-X72,"0") -> 0 | BJ72: =IFERROR(M72-Y72,"0") -> 0 | BK72: =IFERROR(N72-Z72,"0") -> 0 | BL72: =IFERROR(O72-AA72,"0") -> 0 | BM72: =IFERROR(P72-AB72,"0") -> 0 | BN72: =IFERROR(Q72-AC72,"0") -> 0 | BO72: =IFERROR(R72-AD72,"0") -> 0 | ... BR72: =IFERROR(U72-AG72,"0") -> 0

Sheet Planner Sequence
A1: Market | B1: Deployment Region | C1: BR Name | D1: BR ID | E1: Planner BR Sequence | H1: Deployment Region | I1: Planner DR Sequence
A2: Brazil | B2: BRDRSP | C2: São Paulo | D2: kh.br.sa.bra.08_A | E2: 1 | H2: BRDRSP | I2: 1
A3: Brazil | B3: BRDRSP | C3: Campinas | D3: kh.br.sa.bra.08_C | E3: 2 | H3: BRDRRIO | I3: 2
A4: Brazil | B4: BRDRSP | C4: Ribeirão Preto | D4: kh.br.sa.bra.08_D | E4: 3 | H4: BRDRNE | I4: 3
A5: Brazil | B5: BRDRSP | C5: São José dos Campos | D5: kh.br.sa.bra.08_B | E5: 4 | H5: BRDRN | I5: 4
A6: Brazil | B6: BRDRRIO | C6: Rio de Janeiro | D6: kh.br.sa.bra.11_A | E6: 5 | H6: BRDRC_A | I6: 5
A7: Brazil | B7: BRDRRIO | C7: Campos dos Goytacazes | D7: kh.br.sa.bra.11_B | E7: 6 | H7: BRDRS_A | I7: 6
A8: Brazil | B8: BRDRRIO | C8: Vitória | D8: kh.br.sa.bra.11_C | E8: 7 | H8: BRDRW | I8: 7
A9: Brazil | B9: BRDRNE | C9: Salvador | D9: kh.br.sa.bra.16 | E9: 8
A10: Brazil | B10: BRDRNE | C10: Recife | D10: kh.br.sa.bra.17 | E10: 9
A11: Brazil | B11: BRDRNE | C11: Natal | D11: kh.br.sa.bra.18 | E11: 10
A12: Brazil | B12: BRDRN | C12: Sao Luis | D12: kh.br.sa.bra.13 | E12: 11
A13: Brazil | B13: BRDRN | C13: Teresina | D13: kh.br.sa.bra.14 | E13: 12
A14: Brazil | B14: BRDRN | C14: Fortaleza | D14: kh.br.sa.bra.15 | E14: 13
A15: Brazil | B15: BRDRN | C15: Palmas | D15: kh.br.sa.bra.12 | E15: 14
A16: Brazil | B16: BRDRC_A | C16: Uberlândia | D16: kh.br.sa.bra.10_B | E16: 15
A17: Brazil | B17: BRDRC_A | C17: Belo Horizonte | D17: kh.br.sa.bra.10_A | E17: 16
A18: Brazil | B18: BRDRC_A | C18: Goiânia | D18: kh.br.sa.bra.09_B | E18: 17
A19: Brazil | B19: BRDRC_A | C19: Brasília | D19: kh.br.sa.bra.09_A | E19: 18
A20: Brazil | B20: BRDRS_A | C20: Curitiba | D20: kh.br.sa.bra.07_A | E20: 19
... A27: Brazil | B27: BRDRW | C27: Manaus | D27: kh.br.sa.bra.02 | E27: 26

Sheet Country End date
B1: Country | C1: Status | D1: Country End Dates & Variance | P1: Addressing Start & End date
D2: Naming | G2: DC2 | J2: Addressing | N2: Country | O2: Status | P2: LTP 9/21 | AC2: Country | AD2: Status | AE2: LTP 9/14 | AL2: Country | AM2: Status | AN2: MPRA End Dates | AQ2: Remarks | AS2: Markets | AT2: Addressing Initiation Date
D3: =P2 -> LTP 9/21 | E3: =AE2 -> LTP 9/14 | F3: Naming QA Variance | G3: =D3 -> LTP 9/21 | H3: =E3 -> LTP 9/14 | I3: DC2 Variance | J3: =G3 -> LTP 9/21 | K3: =H3 -> LTP 9/14 | L3: MPRA Stage End date Variance | P3: Naming QA | Q3: Naming QA Variance | R3: HLA Stage Start date | S3: HLA Stage Start date Variance | T3: HLA Stage End date | U3: HLA Stage End date Variance | V3: ADC Stage End date | W3: ADC Stage End date Variance | X3: DC2 | Y3: DC2 Variance | Z3: MPRA Stage End date | AA3: MPRA Stage End date Variance | AE3: Naming QA | AF3: HLA Phase start date | AG3: HLA Phase end date | AH3: ADC Phase end date | AI3: DC2 | AJ3: MPRA Phase end date | AN3: =J3 -> LTP 9/21 | AO3: =K3 -> LTP 9/14 | AP3: Variance
B4: Brazil_P2 | C4: WIP | D4: =P4 -> 46350 | E4: =AE4 -> 46350 | F4: =D4-E4 -> 0 | G4: =X4 -> 46437 | H4: =AI4 -> 46437 | I4: =G4-H4 -> 0 | J4: =Z4 -> 46546 | K4: =AJ4 -> 46546 | L4: =J4-K4 -> 0 | N4: Brazil_P2 | O4: WIP | P4: {=MAX(IF('LTP 21-Sep-26'!A:A='Country End date'!N4,'LTP 21-Sep-26'!K:K))} -> 46350 | Q4: =IFERROR((P4-AE4),"-") -> 0 | R4: {=MIN(IF('LTP 21-Sep-26'!A:A='Country End date'!N4,'LTP 21-Sep-26'!N:N))} -> 46028 | S4: =IFERROR((R4-AF4),"-") -> 0 | T4: {=MAX(IF('LTP 21-Sep-26'!A:A='Country End date'!N4,'LTP 21-Sep-26'!O:O))} -> 46372 | U4: =IFERROR((T4-AG4),"-") -> 0 | V4: {=MAX(IF('LTP 21-Sep-26'!A:A='Country End date'!N4,'LTP 21-Sep-26'!Q:Q))} -> 46403 | W4: =IFERROR((V4-AH4),"-") -> 0 | X4: {=MAX(IF('LTP 21-Sep-26'!A:A='Country End date'!N4,'LTP 21-Sep-26'!R:R))} -> 46437 | Y4: =IFERROR((X4-AI4),"-") -> 0 | Z4: {=MAX(IF('LTP 21-Sep-26'!A:A='Country End date'!N4,'LTP 21-Sep-26'!U:U))} -> 46546 | AA4: =IFERROR((Z4-AJ4),"-") -> 0 | AC4: Brazil_P2 | AD4: WIP | AE4: 46350 | AF4: 46028 | AG4: 46372 | AH4: 46403 | AI4: 46437 | AJ4: 46546 | AL4: Brazil_P2 | AM4: WIP | AN4: =J4 -> 46546 | AO4: =K4 -> 46546 | AP4: =AN4-AO4 -> 0 | AQ4: - | AS4: Brazil_P2 | AT4: =R4 -> 46028
B5: Indonesia | C5: YTS | D5: =P5 -> 46876 | E5: =AE5 -> 46876 | F5: =D5-E5 -> 0 | G5: =X5 -> 46975 | H5: =AI5 -> 46975 | I5: =G5-H5 -> 0 | J5: =Z5 -> 46998 | K5: =AJ5 -> 46998 | L5: =J5-K5 -> 0 | N5: Indonesia | O5: YTS | P5: {=MAX(IF('LTP 21-Sep-26'!A:A='Country End date'!N5,'LTP 21-Sep-26'!K:K))} -> 46876 | Q5: =IFERROR((P5-AE5),"-") -> 0 | R5: {=MIN(IF('LTP 21-Sep-26'!A:A='Country End date'!N5,'LTP 21-Sep-26'!N:N))} -> 46595 | S5: =IFERROR((R5-AF5),"-") -> 0 | T5: {=MAX(IF('LTP 21-Sep-26'!A:A='Country End date'!N5,'LTP 21-Sep-26'!O:O))} -> 46891 | U5: =IFERROR((T5-AG5),"-") -> 0 | V5: {=MAX(IF('LTP 21-Sep-26'!A:A='Country End date'!N5,'LTP 21-Sep-26'!Q:Q))} -> 46917 | W5: =IFERROR((V5-AH5),"-") -> 0 | X5: {=MAX(IF('LTP 21-Sep-26'!A:A='Country End date'!N5,'LTP 21-Sep-26'!R:R))} -> 46975 | Y5: =IFERROR((X5-AI5),"-") -> 0 | Z5: {=MAX(IF('LTP 21-Sep-26'!A:A='Country End date'!N5,'LTP 21-Sep-26'!U:U))} -> 46998 | AA5: =IFERROR((Z5-AJ5),"-") -> 0 | AC5: Indonesia | AD5: YTS | AE5: 46876 | AF5: 46595 | AG5: 46891 | AH5: 46917 | AI5: 46975 | AJ5: 46998 | AL5: Indonesia | AM5: YTS | AN5: =J5 -> 46998 | AO5: =K5 -> 46998 | AP5: =AN5-AO5 -> 0 | AQ5: - | AS5: Indonesia | AT5: =R5 -> 46595
B6: Philippines | C6: YTS | D6: =P6 -> 46978 | E6: =AE6 -> 46978 | F6: =D6-E6 -> 0 | G6: =X6 -> 47073 | H6: =AI6 -> 47073 | I6: =G6-H6 -> 0 | J6: =Z6 -> 47094 | K6: =AJ6 -> 47094 | L6: =J6-K6 -> 0 | N6: Philippines | O6: YTS | P6: {=MAX(IF('LTP 21-Sep-26'!A:A='Country End date'!N6,'LTP 21-Sep-26'!K:K))} -> 46978 | Q6: =IFERROR((P6-AE6),"-") -> 0 | R6: {=MIN(IF('LTP 21-Sep-26'!A:A='Country End date'!N6,'LTP 21-Sep-26'!N:N))} -> 46839 | S6: =IFERROR((R6-AF6),"-") -> 0 | T6: {=MAX(IF('LTP 21-Sep-26'!A:A='Country End date'!N6,'LTP 21-Sep-26'!O:O))} -> 46987 | U6: =IFERROR((T6-AG6),"-") -> 0 | V6: {=MAX(IF('LTP 21-Sep-26'!A:A='Country End date'!N6,'LTP 21-Sep-26'!Q:Q))} -> 47013 | W6: =IFERROR((V6-AH6),"-") -> 0 | X6: {=MAX(IF('LTP 21-Sep-26'!A:A='Country End date'!N6,'LTP 21-Sep-26'!R:R))} -> 47073 | Y6: =IFERROR((X6-AI6),"-") -> 0 | Z6: {=MAX(IF('LTP 21-Sep-26'!A:A='Country End date'!N6,'LTP 21-Sep-26'!U:U))} -> 47094 | AA6: =IFERROR((Z6-AJ6),"-") -> 0 | AC6: Philippines | AD6: YTS | AE6: 46978 | AF6: 46839 | AG6: 46987 | AH6: 47013 | AI6: 47073 | AJ6: 47094 | AL6: Philippines | AM6: YTS | AN6: =J6 -> 47094 | AO6: =K6 -> 47094 | AP6: =AN6-AO6 -> 0 | AQ6: - | AS6: Philippines | AT6: =R6 -> 46839

Sheet Variance in LTP vs LTP
G1: Naming QA Acceptance | J1: DC2 | M1: Addressing Submission | S1: Only Ranges1 & Ranges2 worked in ADC Stage | T1: Full Drive BRs | U1: Completed
A2: Country | B2: DR | C2: Build Region ID | D2: Build Region Name | E2: Phase | F2: KMS | G2: LTP 9/14 | H2: LTP 9/21 | I2: Variance | J2: =G2 -> LTP 9/14 | K2: =H2 -> LTP 9/21 | L2: Variance | M2: =J2 -> LTP 9/14 | N2: =K2 -> LTP 9/21 | O2: Variance | P2: Remarks | S2: Ranges1, Ranges2 & Access Points worked in ADC Stage | T2: Planned/Yet to start | U2: In Progress
A3: Brazil_P2 | B3: BRDRSP_P2 | C3: kh.br.sa.bra.08_A | D3: São Paulo | E3: Phase2 | F3: 34714 | G3: 46022 | H3: 46022 | I3: =IFERROR((H3-G3),"-") -> 0 | J3: 46193 | K3: 46193 | L3: =IFERROR((K3-J3),"-") -> 0 | M3: 46288 | N3: 46288 | O3: =IFERROR((N3-M3),"-") -> 0 | P3: -
A4: Brazil_P2 | B4: BRDRSP_P2 | C4: kh.br.sa.bra.08_C | D4: Campinas | E4: Phase2 | F4: 23453 | G4: 46029 | H4: 46029 | I4: =IFERROR((H4-G4),"-") -> 0 | J4: 46243 | K4: 46243 | L4: =IFERROR((K4-J4),"-") -> 0 | M4: 46320 | N4: 46320 | O4: =IFERROR((N4-M4),"-") -> 0 | P4: -
A5: Brazil_P2 | B5: BRDRSP_P2 | C5: kh.br.sa.bra.08_D | D5: Ribeirão Preto | E5: Phase2 | F5: 23151 | G5: 46041 | H5: 46041 | I5: =IFERROR((H5-G5),"-") -> 0 | J5: 46271 | K5: 46271 | L5: =IFERROR((K5-J5),"-") -> 0 | M5: 46348 | N5: 46348 | O5: =IFERROR((N5-M5),"-") -> 0 | P5: -
A6: Brazil_P2 | B6: BRDRSP_P2 | C6: kh.br.sa.bra.08_B | D6: São José dos Campos | E6: Phase2 | F6: 26018 | G6: 46049 | H6: 46049 | I6: =IFERROR((H6-G6),"-") -> 0 | J6: 46283 | K6: 46283 | L6: =IFERROR((K6-J6),"-") -> 0 | M6: 46353 | N6: 46353 | O6: =IFERROR((N6-M6),"-") -> 0 | P6: -
A7: Brazil_P2 | B7: BRDRRIO_P2 | C7: kh.br.sa.bra.11_A | D7: Rio de Janeiro | E7: Phase2 | F7: 14299 | G7: 46051 | H7: 46051 | I7: =IFERROR((H7-G7),"-") -> 0 | J7: 46210 | K7: 46210 | L7: =IFERROR((K7-J7),"-") -> 0 | M7: 46293 | N7: 46293 | O7: =IFERROR((N7-M7),"-") -> 0 | P7: -
A8: Brazil_P2 | B8: BRDRRIO_P2 | C8: kh.br.sa.bra.11_B | D8: Campos dos Goytacazes | E8: Phase2 | F8: 18163 | G8: 46053 | H8: 46053 | I8: =IFERROR((H8-G8),"-") -> 0 | J8: 46215 | K8: 46215 | L8: =IFERROR((K8-J8),"-") -> 0 | M8: 46307 | N8: 46307 | O8: =IFERROR((N8-M8),"-") -> 0 | P8: -
A9: Brazil_P2 | B9: BRDRRIO_P2 | C9: kh.br.sa.bra.11_C | D9: Vitória | E9: Phase2 | F9: 7469 | G9: 46059 | H9: 46059 | I9: =IFERROR((H9-G9),"-") -> 0 | J9: 46224 | K9: 46224 | L9: =IFERROR((K9-J9),"-") -> 0 | M9: 46301 | N9: 46301 | O9: =IFERROR((N9-M9),"-") -> 0 | P9: -
A10: Brazil_P2 | B10: BRDRNE_P2 | C10: kh.br.sa.bra.16 | D10: Salvador | E10: Phase2 | F10: 23933 | G10: 46075 | H10: 46075 | I10: =IFERROR((H10-G10),"-") -> 0 | J10: 46299 | K10: 46299 | L10: =IFERROR((K10-J10),"-") -> 0 | M10: 46369 | N10: 46369 | O10: =IFERROR((N10-M10),"-") -> 0 | P10: -
A11: Brazil_P2 | B11: BRDRNE_P2 | C11: kh.br.sa.bra.17 | D11: Recife | E11: Phase2 | F11: 22668 | G11: 46091 | H11: 46091 | I11: =IFERROR((H11-G11),"-") -> 0 | J11: 46307 | K11: 46307 | L11: =IFERROR((K11-J11),"-") -> 0 | M11: 46378 | N11: 46378 | O11: =IFERROR((N11-M11),"-") -> 0 | P11: -
A12: Brazil_P2 | B12: BRDRNE_P2 | C12: kh.br.sa.bra.18 | D12: Natal | E12: Phase2 | F12: 14335 | G12: 46114 | H12: 46114 | I12: =IFERROR((H12-G12),"-") -> 0 | J12: 46316 | K12: 46316 | L12: =IFERROR((K12-J12),"-") -> 0 | M12: 46384 | N12: 46384 | O12: =IFERROR((N12-M12),"-") -> 0 | P12: -
A13: Brazil_P2 | B13: BRDRN_P2 | C13: kh.br.sa.bra.13 | D13: Sao Luis | E13: Phase2 | F13: 11777 | G13: 46104 | H13: 46104 | I13: =IFERROR((H13-G13),"-") -> 0 | J13: 46320 | K13: 46320 | L13: =IFERROR((K13-J13),"-") -> 0 | M13: 46389 | N13: 46389 | O13: =IFERROR((N13-M13),"-") -> 0 | P13: -
A14: Brazil_P2 | B14: BRDRN_P2 | C14: kh.br.sa.bra.14 | D14: Teresina | E14: Phase2 | F14: 8173 | G14: 46105 | H14: 46105 | I14: =IFERROR((H14-G14),"-") -> 0 | J14: 46323 | K14: 46323 | L14: =IFERROR((K14-J14),"-") -> 0 | M14: 46392 | N14: 46392 | O14: =IFERROR((N14-M14),"-") -> 0 | P14: -
... A72: Philippines | B72: PHDR3 | C72: kh.br.as.phl.12 | D72: Zamboanga Peninsula | E72: FD | F72: 5603.0375 | G72: 46978 | H72: 46978 | I72: =IFERROR((H72-G72),"-") -> 0 | J72: 47073 | K72: 47073 | L72: =IFERROR((K72-J72),"-") -> 0 | M72: 47094 | N72: 47094 | O72: =IFERROR((N72-M72),"-") -> 0 | P72: Tentative Philippines completion time (7-Dec-28)

Sheet Demand vs Supply
B2: LTP 21-Sep-2026 :: Demand Vs Supply
B3: Month | C3: Working days | D3: Total HC | E3: Daily Login HC | F3: Shrinkage | G3: Attrition | H3: Total Available Capacity | I3: Inventory from Upstream (Naming QA) | J3: Inventory from Upstream (DC2) | K3: Inventory from Product Improvement | L3: Net Inventory coming in current month | M3: Unused Inventory | N3: Remarks
B4: Sep'26 | C4: 8 | D4: =(221-20-25-40-40) -> 96 | E4: =ROUND(D4*5/7,0) -> 69 | F4: 0.9 | G4: 0.985 | H4: =(D4*C4*F4) -> 691.2 | I4: 1967.2 | J4: 7263.4667 | K4: 0 | L4: =(I4+J4+K4) -> 9230.6667 | M4: =IF(L4>0,(L4-H4)) -> 8539.4667 | N4: 20 HC movement extended for Additional Finishing Task & 40 HC for moved temporarily 25 HC moved (Jul'26 to Sep'26) to QA temporarily 40 HC for Highway Service Road task
B5: Oct'26 | C5: 20 | D5: =(221*G5) -> 217.685 | E5: =ROUND(D5*5/7,0) -> 155 | F5: 0.9 | G5: 0.985 | H5: =(D5*C5*F5) -> 3918.33 | I5: 1271.0667 | J5: 3627.7333 | K5: 0 | L5: =(I5+J5+K5) -> 4898.8 | M5: =IF(M4>0,(M4+L5-H5),(L5-H5)) -> 9519.9367 | N5: 20+40 HC move back from Additional Finishing Task 25 HC move back from QA 40 HC move back from Highway Service Road task
B6: Nov'26 | C6: 20 | D6: =(D5*G6) -> 214.41972 | E6: =ROUND(D6*5/7,0) -> 153 | F6: 0.9 | G6: 0.985 | H6: =(D6*C6*F6) -> 3859.5551 | I6: 978 | J6: 3444.6667 | K6: 0 | L6: =(I6+J6+K6) -> 4422.6667 | M6: =IF(M5>0,(M5+L6-H6),(L6-H6)) -> 10083.048 | N6: -
B7: Dec'26 | C7: 22 | D7: =(D6*G7) -> 211.20343 | E7: =ROUND(D7*5/7,0) -> 151 | F7: 0.9 | G7: 0.985 | H7: =(D7*C7*F7) -> 4181.8279 | I7: 0 | J7: 2709.2 | K7: 0 | L7: =(I7+J7+K7) -> 2709.2 | M7: =IF(M6>0,(M6+L7-H7),(L7-H7)) -> 8610.4204 | N7: -
B8: Jan'27 | C8: 18 | D8: =(D7*G8) -> 208.03538 | E8: =ROUND(D8*5/7,0) -> 149 | F8: 0.9 | G8: 0.985 | H8: =(D8*C8*F8) -> 3370.1731 | I8: 0 | J8: 4431.8667 | K8: 0 | L8: =(I8+J8+K8) -> 4431.8667 | M8: =IF(M7>0,(M7+L8-H8),(L8-H8)) -> 9672.1139 | N8: -
B9: Feb'27 | C9: 20 | D9: =(D8*G9) -> 204.91485 | E9: =ROUND(D9*5/7,0) -> 146 | F9: 0.9 | G9: 0.985 | H9: =(D9*C9*F9) -> 3688.4672 | I9: 0 | J9: 4189.2 | K9: 0 | L9: =(I9+J9+K9) -> 4189.2 | M9: =IF(M8>0,(M8+L9-H9),(L9-H9)) -> 10172.847 | N9: -
B10: Mar'27 | C10: 22 | D10: =(D9*G10) -> 201.84112 | E10: =ROUND(D10*5/7,0) -> 144 | F10: 0.9 | G10: 0.985 | H10: =(D10*C10*F10) -> 3996.4543 | I10: 0 | J10: 0 | K10: 0 | L10: =(I10+J10+K10) -> 0 | M10: =IF(M9>0,(M9+L10-H10),(L10-H10)) -> 6176.3924 | N10: -
B11: Apr'27 | C11: 19 | D11: =(D10*G11)-15 -> 183.81351 | E11: =ROUND(D11*5/7,0) -> 131 | F11: 0.9 | G11: 0.985 | H11: =(D11*C11*F11) -> 3143.211 | I11: 0 | J11: 0 | K11: 0 | L11: =(I11+J11+K11) -> 0 | M11: =IF(M10>0,(M10+L11-H11),(L11-H11)) -> 3033.1814 | N11: FunT HC (15) moved to complete IDN FunT
B12: May'27 | C12: 22 | D12: =(D11*G12)+15 -> 196.0563 | E12: =ROUND(D12*5/7,0) -> 140 | F12: 0.9 | G12: 0.985 | H12: =(D12*C12*F12) -> 3881.9148 | I12: 0 | J12: 0 | K12: 0 | L12: =(I12+J12+K12) -> 0 | M12: =IF(M11>0,(M11+L12-H12),(L12-H12)) -> -848.73339 | N12: FunT HC (15) moved back to Production
B13: Jun'27 | C13: 21 | D13: =(D12*G13) -> 193.11546 | E13: =ROUND(D13*5/7,0) -> 138 | F13: 0.9 | G13: 0.985 | H13: =(D13*C13*F13) -> 3649.8822 | I13: 0 | J13: 0 | K13: 0 | L13: =(I13+J13+K13) -> 0 | M13: =IF(M12>0,(M12+L13-H13),(L13-H13)) -> -3649.8822 | N13: Tentative Brazil Phase2 completion time (8-Jun-27)
B14: Jul'27 | C14: 22 | D14: =(D13*G14) -> 190.21873 | E14: =ROUND(D14*5/7,0) -> 136 | F14: 0.9 | G14: 0.985 | H14: =(D14*C14*F14) -> 3766.3308 | I14: 202.53333 | J14: 0 | K14: 31.6 | L14: =(I14+J14+K14) -> 234.13333 | M14: =IF(M13>0,(M13+L14-H14),(L14-H14)) -> -3532.1975 | N14: -
B15: Aug'27 | C15: 22 | D15: =(D14*G15) -> 187.36545 | E15: =ROUND(D15*5/7,0) -> 134 | F15: 0.9 | G15: 0.985 | H15: =(D15*C15*F15) -> 3709.8359 | I15: 346.13333 | J15: 0 | K15: 54 | L15: =(I15+J15+K15) -> 400.13333 | M15: =IF(M14>0,(M14+L15-H15),(L15-H15)) -> -3309.7025 | N15: -
B16: Sep'27 | C16: 21 | D16: =(D15*G16) -> 184.55497 | E16: =ROUND(D16*5/7,0) -> 132 | F16: 0.9 | G16: 0.985 | H16: =(D16*C16*F16) -> 3488.0889 | I16: 1701.3333 | J16: 0 | K16: 265.73333 | L16: =(I16+J16+K16) -> 1967.0667 | M16: =IF(M15>0,(M15+L16-H16),(L16-H16)) -> -1521.0222 | N16: -
B17: Oct'27 | C17: 20 | D17: =(D16*G17) -> 181.78664 | E17: =ROUND(D17*5/7,0) -> 130 | F17: 0.9 | G17: 0.985 | H17: =(D17*C17*F17) -> 3272.1595 | I17: 1502 | J17: 0 | K17: 234.53333 | L17: =(I17+J17+K17) -> 1736.5333 | M17: =IF(M16>0,(M16+L17-H17),(L17-H17)) -> -1535.6262 | N17: -
B18: Nov'27 | C18: 21 | D18: =(D17*G18) -> 179.05984 | E18: =ROUND(D18*5/7,0) -> 128 | F18: 0.9 | G18: 0.985 | H18: =(D18*C18*F18) -> 3384.231 | I18: 1202.1333 | J18: 81.066667 | K18: 187.86667 | L18: =(I18+J18+K18) -> 1471.0667 | M18: =IF(M17>0,(M17+L18-H18),(L18-H18)) -> -1913.1643 | N18: -
B19: Dec'27 | C19: 23 | D19: =(D18*G19)-15 -> 161.37394 | E19: =ROUND(D19*5/7,0) -> 115 | F19: 0.9 | G19: 0.985 | H19: =(D19*C19*F19) -> 3340.4406 | I19: 412 | J19: 138.26667 | K19: 64.4 | L19: =(I19+J19+K19) -> 614.66667 | M19: =IF(M18>0,(M18+L19-H19),(L19-H19)) -> -2725.774 | N19: FunT HC (15) moved to complete PHL FunT
B20: Jan'28 | C20: 19 | D20: =(D19*G20)+15 -> 173.95333 | E20: =ROUND(D20*5/7,0) -> 124 | F20: 0.9 | G20: 0.985 | H20: =(D20*C20*F20) -> 2974.602 | I20: 968.26667 | J20: 679.46667 | K20: 151.2 | L20: =(I20+J20+K20) -> 1798.9333 | M20: =IF(M19>0,(M19+L20-H20),(L20-H20)) -> -1175.6687 | N20: FunT HC (15) moved back to Production
B21: Feb'28 | C21: 21 | D21: =(D20*G21) -> 171.34403 | E21: =ROUND(D21*5/7,0) -> 122 | F21: 0.9 | G21: 0.985 | H21: =(D21*C21*F21) -> 3238.4023 | I21: 1024.6667 | J21: 255.2 | K21: 160 | L21: =(I21+J21+K21) -> 1439.8667 | M21: =IF(M20>0,(M20+L21-H21),(L21-H21)) -> -1798.5356 | N21: -
B22: Mar'28 | C22: 23 | D22: =(D21*G22) -> 168.77387 | E22: =ROUND(D22*5/7,0) -> 121 | F22: 0.9 | G22: 0.985 | H22: =(D22*C22*F22) -> 3493.6192 | I22: 1262.9333 | J22: 345.33333 | K22: 202 | L22: =(I22+J22+K22) -> 1810.2667 | M22: =IF(M21>0,(M21+L22-H22),(L22-H22)) -> -1683.3525 | N22: -
B23: Apr'28 | C23: 19 | D23: =(D22*G23) -> 166.24227 | E23: =ROUND(D23*5/7,0) -> 119 | F23: 0.9 | G23: 0.985 | H23: =(D23*C23*F23) -> 2842.7428 | I23: 1459.3333 | J23: 480.53333 | K23: 228 | L23: =(I23+J23+K23) -> 2167.8667 | M23: =IF(M22>0,(M22+L23-H23),(L23-H23)) -> -674.87608 | N23: -
B24: May'28 | C24: 22 | D24: =(D23*G24) -> 163.74863 | E24: =ROUND(D24*5/7,0) -> 117 | F24: 0.9 | G24: 0.985 | H24: =(D24*C24*F24) -> 3242.2229 | I24: 525.2 | J24: 551.6 | K24: 112.26667 | L24: =(I24+J24+K24) -> 1189.0667 | M24: =IF(M23>0,(M23+L24-H24),(L24-H24)) -> -2053.1563 | N24: -
B25: Jun'28 | C25: 21 | D25: =(D24*G25) -> 161.2924 | E25: =ROUND(D25*5/7,0) -> 115 | F25: 0.9 | G25: 0.985 | H25: =(D25*C25*F25) -> 3048.4264 | I25: 689.33333 | J25: 671.73333 | K25: 173.73333 | L25: =(I25+J25+K25) -> 1534.8 | M25: =IF(M24>0,(M24+L25-H25),(L25-H25)) -> -1513.6264 | N25: -
B26: Jul'28 | C26: 21 | D26: =(D25*G26) -> 158.87302 | E26: =ROUND(D26*5/7,0) -> 113 | F26: 0.9 | G26: 0.985 | H26: =(D26*C26*F26) -> 3002.7 | I26: 724.93333 | J26: 710.8 | K26: 182.4 | L26: =(I26+J26+K26) -> 1618.1333 | M26: =IF(M25>0,(M25+L26-H26),(L26-H26)) -> -1384.5667 | N26: -
B27: Aug'28 | C27: 22 | D27: =(D26*G27) -> 156.48992 | E27: =ROUND(D27*5/7,0) -> 112 | F27: 0.9 | G27: 0.985 | H27: =(D27*C27*F27) -> 3098.5004 | I27: 217.2 | J27: 717.73333 | K27: 54.666667 | L27: =(I27+J27+K27) -> 989.6 | M27: =IF(M26>0,(M26+L27-H27),(L27-H27)) -> -2108.9004 | N27: -
B28: Sep'28 | C28: 20 | D28: =(D27*G28) -> 154.14257 | E28: =ROUND(D28*5/7,0) -> 110 | F28: 0.9 | G28: 0.985 | H28: =(D28*C28*F28) -> 2774.5663 | I28: 0 | J28: 1607.7333 | K28: 0 | L28: =(I28+J28+K28) -> 1607.7333 | M28: =IF(M27>0,(M27+L28-H28),(L28-H28)) -> -1166.833 | N28: Tentative Indonesia completion time (2-Sep-28)
B29: Oct'28 | C29: 20 | D29: =(D28*G29) -> 151.83043 | E29: =ROUND(D29*5/7,0) -> 108 | F29: 0.9 | G29: 0.985 | H29: =(D29*C29*F29) -> 2732.9478 | I29: 0 | J29: 1385.6 | K29: 0 | L29: =(I29+J29+K29) -> 1385.6 | M29: =IF(M28>0,(M28+L29-H29),(L29-H29)) -> -1347.3478 | N29: -
B30: Nov'28 | C30: 22 | D30: =(D29*G30) -> 149.55298 | E30: =ROUND(D30*5/7,0) -> 107 | F30: 0.9 | G30: 0.985 | H30: =(D30*C30*F30) -> 2961.149 | I30: 0 | J30: 529.06667 | K30: 0 | L30: =(I30+J30+K30) -> 529.06667 | M30: =IF(M29>0,(M29+L30-H30),(L30-H30)) -> -2432.0823 | N30: -
B31: Dec'28 | C31: 3 | D31: =(D30*G31) -> 147.30968 | E31: =ROUND(D31*5/7,0) -> 105 | F31: 0.9 | G31: 0.985 | H31: =(D31*C31*F31) -> 397.73614 | I31: 0 | J31: 0 | K31: 0 | L31: =(I31+J31+K31) -> 0 | M31: =IF(M30>0,(M30+L31-H31),(L31-H31)) -> -397.73614 | N31: Tentative Philippines completion time (7-Dec-28)
H32: Overall | I32: =SUM(I4:I31) -> 16454.267 | J32: =SUM(J4:J31) -> 33820.267 | K32: =SUM(K4:K31) -> 2102.4 | L32: Idle | M32: =SUMIF(M4:M31,"<0") -> -36772.784
B34: Pending effort | C34: =SUM(L4:L31) -> 52376.933
B35: Capacity available | C35: =SUM(H4:H31) -> 89149.718
B36: Idle Mandays | C36: =C35-C34 -> 36772.784
H56: last week pending efforts | I56: 106745
H57: Current week pending efforts | I57: 104632
H58: Variance | I58: =I56-I57 -> 2113
H59: Week consumption | I59: 1697
H60: Additionally lost effort due to Plan vs Actual & speed achievement | I60: 547
H61: Overall variance | I61: =I58-I59-I60 -> -131
B70: =SUM(#REF!)-274 -> #REF!

Sheet HC Distribution
B2: Year | C2: Month | D2: HLA | E2: AdC | F2: MPRA | G2: Addressing Finishing (33) + FunT (15)+Aditional finishing(40) | H2: Addressing Overall HC | I2: Temporary Movement | J2: Remarks
B3: 2025 | C3: LTP 9/1 | D3: 50 | E3: 149.6 | F3: 117 | G3: 90 | H3: =SUM(D3:G3) -> 406.6
B4: 2025 | C4: LTP 9/8 | D4: 50 | E4: 149.6 | F4: 117 | G4: 90 | H4: =SUM(D4:G4) -> 406.6 | J4: Moving 42 HC (Additional) from Build to Finishing
B5: 2025 | C5: LTP 9/15 | D5: 50 | E5: 149.6 | F5: 117 | G5: 90 | H5: =SUM(D5:G5) -> 406.6 | J5: -
B6: 2025 | C6: LTP 9/22 | D6: 50 | E6: 149.6 | F6: 114 | G6: 90 | H6: =SUM(D6:G6) -> 403.6 | J6: -
B7: 2025 | C7: LTP 9/29 | D7: 50 | E7: 149.6 | F7: 114 | G7: 90 | H7: =SUM(D7:G7) -> 403.6 | J7: -
B8: 2025 | C8: LTP 10/6 | D8: 50 | E8: 150 | F8: 110 | G8: 90 | H8: =SUM(D8:G8) -> 400 | J8: -
B9: 2025 | C9: LTP 10/13 | D9: 50 | E9: 150 | F9: 110 | G9: 90 | H9: =SUM(D9:G9) -> 400 | J9: -
B10: 2025 | C10: LTP 10/20 | D10: 50 | E10: 150 | F10: 110 | G10: 90 | H10: =SUM(D10:G10) -> 400 | J10: -
B11: 2025 | C11: LTP 10/27 | D11: 50 | E11: 150 | F11: 110 | G11: 90 | H11: =SUM(D11:G11) -> 400 | J11: -
B12: 2025 | C12: LTP 11/3 | D12: 60 | E12: 150 | F12: 90 | G12: 90 | H12: 390 | J12: -
B13: 2025 | C13: LTP 11/10 | D13: 60 | E13: 150 | F13: 90 | G13: 90 | H13: 390 | J13: -
B14: 2025 | C14: LTP 11/17 | D14: 60 | E14: 150 | F14: 132 | G14: 48 | H14: 390 | J14: -
B15: 2025 | C15: LTP 11/24 | D15: 60 | E15: 150 | F15: 132 | G15: 48 | H15: 390 | J15: Bringing back 42 HC from Finishing to Build
B16: 2025 | C16: LTP 12/1 | D16: 50 | E16: 150 | F16: 152 | G16: 33 | H16: 385 | J16: There is no FunT work planned beyond Nov'25; Hence 15 HC included in Production Dec'25 onwards
B17: 2025 | C17: LTP 12/8 | D17: 50 | E17: 150 | F17: 152 | G17: 33 | H17: 385 | J17: There is no FunT work planned beyond Nov'25; Hence 15 HC included in Production Dec'25 onwards
B18: 2025 | C18: LTP 12/15 | D18: 50 | E18: 150 | F18: 152 | G18: 33 | H18: 385 | J18: -
B19: 2025 | C19: LTP 12/22 | D19: 50 | E19: 150 | F19: 152 | G19: 33 | H19: 385 | J19: -
B20: 2025 | C20: LTP 12/29 | D20: 50 | E20: 150 | F20: 152 | G20: 33 | H20: 385 | J20: India Completed by 31-Dec-2025
B21: 2025 | C21: LTP 1/5 | D21: 40 | E21: 150 | F21: 157 | G21: =33 -> 33 | H21: =SUM(D21:G21) -> 380 | J21: -
B22: 2025 | C22: LTP 1/12 | D22: 50 | E22: 180 | F22: 117 | G22: =33 -> 33 | H22: =SUM(D22:G22) -> 380 | J22: -
B23: 2025 | C23: LTP 1/19 | D23: 50 | E23: 180 | F23: 117 | G23: =33 -> 33 | H23: =SUM(D23:G23) -> 380 | J23: -
B24: 2026 | C24: LTP 1/26 | D24: 50 | E24: 180 | F24: 117 | G24: 33 | H24: =SUM(D24:G24) -> 380 | J24: -
B25: 2025 | C25: LTP 2/2 | D25: 80 | E25: 180 | F25: 82 | G25: 33 | H25: =SUM(D25:G25) -> 375 | J25: -
B26: 2025 | C26: LTP 2/9 | D26: 80 | E26: 180 | F26: 82 | G26: 33 | H26: 375 | J26: -
B27: 2025 | C27: LTP 2/16 | D27: 50 | E27: 120 | F27: 176 | G27: 33 | H27: =SUM(D27:G27) -> 379 | J27: -
B28: 2025 | C28: LTP 2/23 | D28: 50 | E28: 120 | F28: 176 | G28: 33 | H28: =SUM(D28:G28) -> 379
B29: 2026 | C29: LTP 3/2 | D29: 40 | E29: 120 | F29: 180 | G29: 33 | H29: =SUM(D29:G29) -> 373 | J29: -
B30: 2026 | C30: LTP 3/9 | D30: 40 | E30: 120 | F30: 180 | G30: 33 | H30: =SUM(D30:G30) -> 373 | J30: -
B31: 2026 | C31: LTP 3/16 | D31: 40 | E31: 120 | F31: 180 | G31: 33 | H31: =SUM(D31:G31) -> 373 | J31: -
B32: 2026 | C32: LTP 3/23 | D32: 40 | E32: 120 | F32: 180 | G32: 33 | H32: =SUM(D32:G32) -> 373 | J32: -
B33: 2026 | C33: LTP 3/30 | D33: 40 | E33: 120 | F33: 180 | G33: 33 | H33: =SUM(D33:G33) -> 373 | J33: -
B34: 2026 | C34: LTP 4/6 | D34: 40 | E34: 80 | F34: 215 | G34: 33 | H34: =SUM(D34:G34) -> 368 | J34: -
B35: 2026 | C35: LTP 4/20 | D35: 40 | E35: 80 | F35: 215 | G35: 33 | H35: =SUM(D35:G35) -> 368 | J35: -
B36: 2026 | C36: LTP 4/27 | D36: 40 | E36: 80 | F36: 215 | G36: 33 | H36: =SUM(D36:G36) -> 368 | J36: -
B37: 2026 | C37: LTP 5/4 | D37: 40 | E37: 80 | F37: 215 | G37: 33 | H37: =SUM(D37:G37) -> 368 | J37: -
B38: 2026 | C38: LTP 5/11 | D38: 50 | E38: 225 | F38: 0 | G38: 33 | H38: =SUM(D38:G38) -> 308 | J38: -
B39: 2026 | C39: LTP 5/18 | D39: 50 | E39: 50 | F39: 172 | G39: 33 | H39: =SUM(D39:G39) -> 305 | J39: -
B40: 2026 | C40: LTP 5/25 | D40: 50 | E40: 50 | F40: 172 | G40: 33 | H40: =SUM(D40:G40) -> 305 | J40: 57HC Movement, MPRA HC is engaged in IND product improvement
... B48: 2026 | C48: LTP 7/20 | D48: 25 | E48: 50 | F48: 120 | G48: 33 | H48: =SUM(D48:G48) -> 228 | J48: 20 HC moved to Additional Finishing Task 25 HC moved to QA temporarily
B49: 2026 | C49: LTP 7/27 | D49: 25 | E49: 50 | F49: 120 | G49: 33 | H49: =SUM(D49:G49) -> 228 | I49: 25 | J49: 20 HC moved to Additional Finishing Task 25 HC moved to QA temporarily
B50: 2026 | C50: LTP 8/3 | D50: 25 | E50: 50 | F50: 120 | G50: 33 | H50: =SUM(D50:G50) -> 228 | I50: 25 | J50: -
B51: 2026 | C51: LTP 8/10 | D51: 25 | E51: 50 | F51: 107 | G51: 53 | H51: =SUM(D51:G51) -> 235 | I51: 25 | J51: -
B52: 2026 | C52: LTP 8/17 | D52: 25 | E52: 50 | F52: 107 | G52: 53 | H52: =SUM(D52:G52) -> 235 | I52: 25 | J52: -
B53: 2026 | C53: LTP 8/24 | D53: 25 | E53: 50 | F53: 107 | G53: 53 | H53: =SUM(D53:G53) -> 235 | I53: 25 | J53: 20 HC movement extended for Additional Finishing Task 25 HC moved (Jul'26 to Sep'26) to QA temporarily
B54: 2026 | C54: LTP 8/31 | D54: 25 | E54: 50 | F54: 107 | G54: 53 | H54: =SUM(D54:G54) -> 235 | I54: 25 | J54: 20 HC movement extended for Additional Finishing Task 25 HC moved (Jul'26 to Sep'26) to QA temporarily
B55: 2026 | C55: LTP 9/7 | D55: 25 | E55: 50 | F55: 101 | G55: 53 | H55: =SUM(D55:G55) -> 229 | I55: 25 | J55: 20 HC movement extended for Additional Finishing Task 25 HC moved (Jul'26 to Sep'26) to QA temporarily
B56: 2026 | C56: LTP 9/14 | D56: 25 | E56: 50 | F56: 101 | G56: 53 | H56: =SUM(D56:G56) -> 229 | I56: 25 | J56: 20 HC movement extended for Additional Finishing Task 25 HC moved (Jul'26 to Sep'26) to QA temporarily
B57: 2026 | C57: LTP 9/21 | D57: 15 | E57: 30 | F57: 51 | G57: =53+40 -> 93 | H57: =SUM(D57:G57) -> 189 | I57: =25+40 -> 65 | J57: 20 HC movement extended for Additional Finishing Task & 40 HC for moved temporarily 25 HC moved (Jul'26 to Sep'26) to QA temporarily & 40 HC for Highway Service Road task
B58: 2026 | C58: Sep | D58: 15 | E58: 30 | F58: 51 | G58: =53+40 -> 93 | H58: =SUM(D58:G58) -> 189 | I58: =25+40 -> 65 | J58: 20 HC movement extended for Additional Finishing Task & 40 HC for moved temporarily 25 HC moved (Jul'26 to Sep'26) to QA temporarily 40 HC for Highway Service Road task
B59: 2026 | C59: Oct | D59: 25 | E59: 50 | F59: 143 | G59: 33 | H59: =SUM(D59:G59) -> 251 | I59: - | J59: 20 HC move back from Additional Finishing Task 25 HC move back from QA
B60: 2026 | C60: Nov | D60: 25 | E60: 50 | F60: 139 | G60: 33 | H60: =SUM(D60:G60) -> 247 | I60: - | J60: -
B61: 2026 | C61: Dec | D61: 25 | E61: 50 | F61: 136 | G61: 33 | H61: =SUM(D61:G61) -> 244 | I61: - | J61: 25HC kept aside for maintaining factory model HC (HLA 25HC)
B62: 2027 | C62: Jan | D62: 25 | E62: 50 | F62: 133 | G62: 33 | H62: =SUM(D62:G62) -> 241 | I62: - | J62: 75HC kept aside for maintaining factory model HC (HLA 25HC and ADC 50HC)
B63: 2027 | C63: Feb | D63: 25 | E63: 50 | F63: 130 | G63: 33 | H63: =SUM(D63:G63) -> 238 | I63: - | J63: -
B64: 2027 | C64: Mar | D64: 25 | E64: 50 | F64: 127 | G64: 33 | H64: =SUM(D64:G64) -> 235 | I64: - | J64: -
B65: 2027 | C65: Apr | D65: 25 | E65: 50 | F65: 109 | G65: 33 | H65: =SUM(D65:G65) -> 217 | I65: - | J65: -
B66: 2027 | C66: May | D66: 25 | E66: 50 | F66: 121 | G66: 33 | H66: =SUM(D66:G66) -> 229 | I66: - | J66: -
B67: 2027 | C67: Jun | D67: 25 | E67: 50 | F67: 118 | G67: 33 | H67: =SUM(D67:G67) -> 226 | I67: - | J67: Tentative Brazil Phase2 completion time (8-Jun-27) No inventory available for entire team post Brazil closure
B68: 2027 | C68: Jul | D68: 25 | E68: 50 | F68: 115 | G68: 33 | H68: =SUM(D68:G68) -> 223 | I68: - | J68: Interim idle time every month till Philippines closure
B69: 2027 | C69: Aug | D69: 25 | E69: 50 | F69: 112 | G69: 33 | H69: =SUM(D69:G69) -> 220 | I69: -
B70: 2027 | C70: Sep | D70: 25 | E70: 50 | F70: 110 | G70: 33 | H70: =SUM(D70:G70) -> 218 | I70: -
B71: 2027 | C71: Oct | D71: 25 | E71: 50 | F71: 107 | G71: 33 | H71: =SUM(D71:G71) -> 215 | I71: -
B72: 2027 | C72: Nov | D72: 25 | E72: 50 | F72: 104 | G72: 33 | H72: =SUM(D72:G72) -> 212 | I72: -
B73: 2027 | C73: Dec | D73: 25 | E73: 45 | F73: 91 | G73: 33 | H73: =SUM(D73:G73) -> 194 | I73: -
B74: 2028 | C74: Jan | D74: 25 | E74: 45 | F74: 104 | G74: 33 | H74: =SUM(D74:G74) -> 207 | I74: -
B75: 2028 | C75: Feb | D75: 25 | E75: 35 | F75: 111 | G75: 33 | H75: =SUM(D75:G75) -> 204 | I75: -
B76: 2028 | C76: Mar | D76: 25 | E76: 35 | F76: 109 | G76: 33 | H76: =SUM(D76:G76) -> 202 | I76: -
B77: 2028 | C77: Apr | D77: 25 | E77: 25 | F77: 116 | G77: 33 | H77: =SUM(D77:G77) -> 199 | I77: -
B78: 2028 | C78: May | D78: 25 | E78: 25 | F78: 114 | G78: 33 | H78: =SUM(D78:G78) -> 197 | I78: -
B79: 2028 | C79: Jun | D79: 25 | E79: 25 | F79: 111 | G79: 33 | H79: =SUM(D79:G79) -> 194 | I79: -
B80: 2028 | C80: Jul | D80: 25 | E80: 25 | F80: 109 | G80: 33 | H80: =SUM(D80:G80) -> 192 | I80: -
B81: 2028 | C81: Aug | D81: 25 | E81: 25 | F81: 106 | G81: 33 | H81: =SUM(D81:G81) -> 189 | I81: -
B82: 2028 | C82: Sep | D82: 25 | E82: 25 | F82: 104 | G82: 33 | H82: =SUM(D82:G82) -> 187 | I82: - | J82: 25HC kept aside for maintaining factory model HC (HLA 25HC), Tentative Indonesia completion time (2-Sep-28)
B83: 2028 | C83: Oct | D83: 25 | E83: 25 | F83: 102 | G83: 33 | H83: =SUM(D83:G83) -> 185 | I83: - | J83: 50HC kept aside for maintaining factory model HC (HLA 25HC and ADC 25HC)
B84: 2028 | C84: Nov | D84: 25 | E84: 25 | F84: 100 | G84: 33 | H84: =SUM(D84:G84) -> 183 | I84: - | J84: -
B85: 2028 | C85: Dec | D85: 25 | E85: 25 | F85: 97 | G85: 33 | H85: =SUM(D85:G85) -> 180 | I85: - | J85: Tentative Philippines completion time (7-Dec-28) As on date , No Future markets in pipeline

Sheet Inventory
B2: Last updated Date | C2: 46286
F3: In Pipeline from Upstream (Naming QA & DC2) | M3: Abbreviations | N3: Definition | P3: Status | Q3: Band (in days) | R3: Flag
B4: Category | C4: In Hand | D4: Pre-Rx | E4: In Pipeline | F4: Current Week (9/20 - 9/26) | G4: Current Week +1 (9/27 - 10/3) | H4: Current Week +2 (10/4 - 10/10) | I4: Current Week +3 (10/11 - 10/17) | M4: WIP | N4: Waves In Progress | P4: WIP | Q4: >2 | R4: Green
B5: Mandays | C5: =SUM(G21,G27) -> 2170 | D5: =SUM(H21,H27) -> 5450 | E5: =SUM(F5:I5) -> 3792 | F5: =SUMIFS($H$31:$H$33,$J$31:$J$33,F$4) -> 0 | G5: =SUMIFS($H$31:$H$33,$J$31:$J$33,G$4) -> 0 | H5: =SUMIFS($H$31:$H$33,$J$31:$J$33,H$4) -> 1507 | I5: =SUMIFS($H$31:$H$33,$J$31:$J$33,I$4) -> 2285 | M5: YTS | N5: Waves generated & yet to be picked | Q5: >1 - <=2 | R5: White
B6: Workdays | C6: =C5/$C$8 -> 9.8190045 | D6: =D5/$C$8 -> 24.660633 | E6: =E5/$C$8 -> 17.158371 | F6: =F5/$C$8 -> 0 | G6: =G5/$C$8 -> 0 | H6: =H5/$C$8 -> 6.8190045 | I6: =I5/$C$8 -> 10.339367 | M6: In Hand | N6: Total work in BRs available from upstream (depends on jobrun) | Q6: >0.5 - <=1 | R6: Amber
M7: In Hand- Blocked | N7: Work Available till phase end for the Blocked Waves (Due to Job issues / source unavailabilty) | Q7: <=0.5 | R7: Red
B8: HC | C8: 221 | M8: Current Week (Date range) | N8: Work expected from Naming QA and DCLG in the current Week
B9: 100% Utilization till (In Hand + Pre-Rx) | C9: =WORKDAY(C2,ROUNDDOWN(SUM(C6:D6),0))-1 -> 46331 | M9: Current Week +1 (Date range) | N9: Work expected from Naming QA and DCLG in the upcoming Week
M10: Current Week +2 (Date range) | N10: Work expected from Naming QA and DCLG in the upcoming 2nd week
B11: WIP & YTS BRs | M11: Current Week +3 (Date range) | N11: Work expected from Naming QA and DCLG in the upcoming 3rd week
B12: Region | C12: BR ID | D12: BR | E12: WIP wave | F12: Dependencies (If Any) | G12: WIP (Effort in Man-days) | H12: Effort pending till end of BV (In Man days)
B13: MPRA
B14: Brazil_P2 | C14: kh.br.sa.bra.08_A | D14: São Paulo | E14: MPRA BV ITR2 | F14: WIP | G14: 9 | H14: 0
B15: Brazil_P2 | C15: kh.br.sa.bra.11_A | D15: Rio de Janeiro | E15: Resnap HLA | F15: WIP | G15: 1 | H15: 395
B16: Brazil_P2 | C16: kh.br.sa.bra.11_C | D16: Vitória | E16: Ranges2 | F16: WIP | G16: 180 | H16: 300
B17: Brazil_P2 | C17: kh.br.sa.bra.11_B | D17: Campos dos Goytacazes | E17: Ranges2 | F17: WIP | G17: 307 | H17: 615
B18: Brazil_P2 | C18: kh.br.sa.bra.08_C | D18: Campinas | E18: Ranges2 | F18: WIP | G18: 232 | H18: 739
B19: Brazil_P2 | C19: kh.br.sa.bra.08_D | D19: Ribeirão Preto | E19: Merge | F19: YTS | G19: 43 | H19: 1474
B20: Brazil_P2 | C20: kh.br.sa.bra.08_B | D20: São José dos Campos | E20: Merge | F20: JIP | G20: 58 | H20: 1546
B21: Total | G21: =SUM(G14:G20) -> 830 | H21: =SUM(H14:H20) -> 5069
B22: HLA & ADC
B23: Brazil_P2 | C23: kh.br.sa.bra.06 | D23: Porto Alegre | E23: Unmatched | F23: YTS | G23: 794 | H23: 209
B24: Brazil_P2 | C24: kh.br.sa.bra.04 | D24: Cuiaba | E24: Unmatched | F24: YTS | G24: 236 | H24: 57
B25: Brazil_P2 | C25: kh.br.sa.bra.03 | D25: Belem | E25: HLA | F25: YTS | G25: 283 | H25: 81
B26: Brazil_P2 | C26: kh.br.sa.bra.02 | D26: Manaus | E26: HLA | F26: YTS | G26: 27 | H26: 34
B27: Total | G27: =SUM(G23:G26) -> 1340 | H27: =SUM(H23:H26) -> 381
B29: Expected per Plan (Naming QA & DC2)
B30: Region | C30: BR ID | D30: BR | E30: Blocked Wave | F30: Dependencies (If Any) | G30: WIP (Effort in Man-days) | H30: Effort pending till end of BV (In Man days) | I30: Expected Date | J30: Week Range | K30: Remarks
B31: Brazil_P2 | C31: kh.br.sa.bra.07_A | D31: Curitiba | E31: HLA & AdC Stage | F31: Naming QA | G31: - | H31: 1271 | I31: 46312 | J31: Current Week +3 (10/11 - 10/17) | K31: -
B32: Brazil_P2 | C32: kh.br.sa.bra.16 | D32: Salvador | E32: MPRA Stage | F32: DC2 | G32: - | H32: 1507 | I32: 46299 | J32: Current Week +2 (10/4 - 10/10) | K32: -
B33: Brazil_P2 | C33: kh.br.sa.bra.17 | D33: Recife | E33: MPRA Stage | F33: DC2 | G33: - | H33: 1014 | I33: 46307 | J33: Current Week +3 (10/11 - 10/17) | K33: -

Sheet Wave wise Effort
AV1: °–
Q2: Region | R2: Source Prep (mandays) | S2: HLA (mandays) | T2: ADC (mandays) | U2: MPRA (mandays) | V2: Overall Pending Effort (Mandays) | X2: Region | Y2: Source Prep (hours) | Z2: HLA (hours) | AA2: ADC (hours) | AB2: MPRA (hours) | AC2: Overall Pending Effort (hours)
A3: WIP | Q3: Brazil_P2 | R3: =SUMIF($A$11:$A$80,$Q3,K$11:K$80) -> 0 | S3: =SUMIF($A$11:$A$80,$Q3,L$11:L$80) -> 562 | T3: =SUMIF($A$11:$A$80,$Q3,M$11:M$80) -> 3489.7333 | U3: =SUMIF($A$11:$A$80,$Q3,N$11:N$80) -> 25647.067 | V3: =SUM(R3:U3) -> 29698.8 | X3: Brazil_P2 | Y3: =SUMIF($A$11:$A$80,$Q3,K$11:K$80)*7.5 -> 0 | Z3: =SUMIF($A$11:$A$80,$Q3,L$11:L$80)*7.5 -> 4215 | AA3: =SUMIF($A$11:$A$80,$Q3,M$11:M$80)*7.5 -> 26173 | AB3: =SUMIF($A$11:$A$80,$Q3,N$11:N$80)*7.5 -> 192353 | AC3: =SUM(Y3:AB3) -> 222741
A4: YTS | Q4: Indonesia | R4: =SUMIF($A$11:$A$80,$Q4,K$11:K$80) -> 1599.4667 | S4: =SUMIF($A$11:$A$80,$Q4,L$11:L$80) -> 4555.6 | T4: =SUMIF($A$11:$A$80,$Q4,M$11:M$80) -> 5685.2 | U4: =SUMIF($A$11:$A$80,$Q4,N$11:N$80) -> 4092.8 | V4: =SUM(R4:U4) -> 15933.067 | X4: Indonesia | Y4: =SUMIF($A$11:$A$80,$Q4,K$11:K$80)*7.5 -> 11996 | Z4: =SUMIF($A$11:$A$80,$Q4,L$11:L$80)*7.5 -> 34167 | AA4: =SUMIF($A$11:$A$80,$Q4,M$11:M$80)*7.5 -> 42639 | AB4: =SUMIF($A$11:$A$80,$Q4,N$11:N$80)*7.5 -> 30696 | AC4: =SUM(Y4:AB4) -> 119498
A5: Completed | Q5: Philippines | R5: =SUMIF($A$11:$A$80,$Q5,K$11:K$80) -> 502.93333 | S5: =SUMIF($A$11:$A$80,$Q5,L$11:L$80) -> 962.13333 | T5: =SUMIF($A$11:$A$80,$Q5,M$11:M$80) -> 1035.0667 | U5: =SUMIF($A$11:$A$80,$Q5,N$11:N$80) -> 4061.3333 | V5: =SUM(R5:U5) -> 6561.4667 | X5: Philippines | Y5: =SUMIF($A$11:$A$80,$Q5,K$11:K$80)*7.5 -> 3772 | Z5: =SUMIF($A$11:$A$80,$Q5,L$11:L$80)*7.5 -> 7216 | AA5: =SUMIF($A$11:$A$80,$Q5,M$11:M$80)*7.5 -> 7763 | AB5: =SUMIF($A$11:$A$80,$Q5,N$11:N$80)*7.5 -> 30460 | AC5: =SUM(Y5:AB5) -> 49211
A6: JIP | Q6: Vietnam_P2 | R6: =SUMIF($A$11:$A$80,$Q6,K$11:K$80) -> 0 | S6: =SUMIF($A$11:$A$80,$Q6,L$11:L$80) -> 0 | T6: =SUMIF($A$11:$A$80,$Q6,M$11:M$80) -> 0 | U6: =SUMIF($A$11:$A$80,$Q6,N$11:N$80) -> 0 | V6: =SUM(R6:U6) -> 0 | X6: Vietnam_P2 | Y6: =SUMIF($A$11:$A$80,$Q6,K$11:K$80)*7.5 -> 0 | Z6: =SUMIF($A$11:$A$80,$Q6,L$11:L$80)*7.5 -> 0 | AA6: =SUMIF($A$11:$A$80,$Q6,M$11:M$80)*7.5 -> 0 | AB6: =SUMIF($A$11:$A$80,$Q6,N$11:N$80)*7.5 -> 0 | AC6: =SUM(Y6:AB6) -> 0
A7: Blocked | Q7: Moldova | R7: =SUMIF($A$11:$A$80,$Q7,K$11:K$80) -> 0 | S7: =SUMIF($A$11:$A$80,$Q7,L$11:L$80) -> 0 | T7: =SUMIF($A$11:$A$80,$Q7,M$11:M$80) -> 0 | U7: =SUMIF($A$11:$A$80,$Q7,N$11:N$80) -> 0 | V7: =SUM(R7:U7) -> 0 | X7: Moldova | Y7: =SUMIF($A$11:$A$80,$Q7,K$11:K$80)*7.5 -> 0 | Z7: =SUMIF($A$11:$A$80,$Q7,L$11:L$80)*7.5 -> 0 | AA7: =SUMIF($A$11:$A$80,$Q7,M$11:M$80)*7.5 -> 0 | AB7: =SUMIF($A$11:$A$80,$Q7,N$11:N$80)*7.5 -> 0 | AC7: =SUM(Y7:AB7) -> 0
A8: Awaiting Source | Q8: Overall | R8: =SUM(R3:R7) -> 2102.4 | S8: =SUM(S3:S7) -> 6079.7333 | T8: =SUM(T3:T7) -> 10210 | U8: =SUM(U3:U7) -> 33801.2 | V8: =SUM(R8:U8) -> 52193.333 | X8: Overall | Y8: =SUM(Y3:Y7) -> 15768 | Z8: =SUM(Z3:Z7) -> 45598 | AA8: =SUM(AA3:AA7) -> 76575 | AB8: =SUM(AB3:AB7) -> 253509 | AC8: =SUM(Y8:AB8) -> 391450
A10: COUNTRY | B10: DR | C10: Combo | D10: BR_ID | E10: BR_Name | F10: Naming QA Acceptance | G10: DC2 | H10: Current Stage | I10: Current Status | J10: Current Wave | K10: Source Prep | L10: HLA | M10: ADC | N10: MPRA | O10: Finishing | Q10: Source Prep | R10: Hookline | S10: HLA-BV | T10: Unmatched | U10: Unexplained | V10: Duplicate Cleanup | W10: Anamolies Cleanup | X10: ADC-AA | Y10: AC-BV | Z10: Ranges1 | AA10: Ranges2 | AB10: Access Point | AC10: Merge | AD10: CopyRanges | AE10: AP Validation | AF10: RAP/ Deduce AP | AG10: Re-SNAP HLA | AH10: PFA | AI10: Cluster DeDup | AJ10: MPRA BV | AK10: MPRA-AA | AL10: Final BV - Build Breaker | AM10: Ap Validation of large building | AN10: PFA Validation | AS10: Source Prep | AT10: HLA | AU10: ADC | AV10: MPRA
A11: Brazil_P2 | B11: BRDRSP | C11: =A11&D11 -> Brazil_P2kh.br.sa.bra.08_A | D11: kh.br.sa.bra.08_A | E11: São Paulo | F11: 46022 | G11: 46193 | H11: MPRA | I11: WIP | J11: Final BV - Build Breaker | N11: =(SUM(Z11:AL11)/7.5) -> 10 | AL11: 75 | AS11: =K11*7.5 -> 0 | AT11: =L11*7.5 -> 0 | AU11: =M11*7.5 -> 0 | AV11: =N11*7.5 -> 75 | AX11: =AL11 -> 75 | AY11: 0 | AZ11: =E11 -> São Paulo | BA11: =AX11/7.5*0.9 -> 9 | BB11: =AY11/7.5*0.8 -> 0
A12: Brazil_P2 | B12: BRDRSP | C12: =A12&D12 -> Brazil_P2kh.br.sa.bra.08_C | D12: kh.br.sa.bra.08_C | E12: Campinas | F12: 46029 | G12: 46243 | H12: MPRA | I12: WIP | J12: Ranges2 | N12: =(SUM(Z12:AL12)/7.5) -> 1181.8667 | AA12: 1936 | AB12: 1590 | AF12: 8 | AG12: 150 | AH12: 204 | AI12: 120 | AJ12: 3702 | AK12: 229 | AL12: 925 | AS12: =K12*7.5 -> 0 | AT12: =L12*7.5 -> 0 | AU12: =M12*7.5 -> 0 | AV12: =N12*7.5 -> 8864 | AX12: =AA12 -> 1936 | AY12: =SUM(AB12:AL12) -> 6928 | AZ12: =E12 -> Campinas | BA12: =AX12/7.5*0.9 -> 232.32 | BB12: =AY12/7.5*0.8 -> 738.98667
A13: Brazil_P2 | B13: BRDRSP | C13: =A13&D13 -> Brazil_P2kh.br.sa.bra.08_D | D13: kh.br.sa.bra.08_D | E13: Ribeirão Preto | F13: 46041 | G13: 46271 | H13: MPRA | I13: YTS | J13: Merge | N13: =(SUM(Z13:AL13)/7.5) -> 1890.8 | Z13: 6 | AA13: 6872 | AB13: 1832 | AC13: 361 | AF13: 8 | AG13: 173 | AH13: 209 | AI13: 138 | AJ13: 3481 | AK13: 231 | AL13: 870 | AS13: =K13*7.5 -> 0 | AT13: =L13*7.5 -> 0 | AU13: =M13*7.5 -> 0 | AV13: =N13*7.5 -> 14181 | AX13: =AC13 -> 361 | AY13: =SUM(AF13:AL13,Z13:AB13) -> 13820 | AZ13: =E13 -> Ribeirão Preto | BA13: =AX13/7.5*0.9 -> 43.32 | BB13: =AY13/7.5*0.8 -> 1474.1333
A14: Brazil_P2 | B14: BRDRSP | C14: =A14&D14 -> Brazil_P2kh.br.sa.bra.08_B | D14: kh.br.sa.bra.08_B | E14: São José dos Campos | F14: 46049 | G14: 46283 | H14: MPRA | I14: YTS | J14: Merge | N14: =(SUM(Z14:AL14)/7.5) -> 1996.9333 | Z14: 22 | AA14: 6234 | AB14: 1776 | AC14: 482 | AF14: 9 | AG14: 167 | AH14: 227 | AI14: 134 | AJ14: 4537 | AK14: 255 | AL14: 1134 | AS14: =K14*7.5 -> 0 | AT14: =L14*7.5 -> 0 | AU14: =M14*7.5 -> 0 | AV14: =N14*7.5 -> 14977 | AX14: =AC14 -> 482 | AY14: =SUM(AF14:AL14,Z14:AB14) -> 14495 | AZ14: =E14 -> São José dos Campos | BA14: =AX14/7.5*0.9 -> 57.84 | BB14: =AY14/7.5*0.8 -> 1546.1333
A15: Brazil_P2 | B15: BRDRRIO | C15: =A15&D15 -> Brazil_P2kh.br.sa.bra.11_A | D15: kh.br.sa.bra.11_A | E15: Rio de Janeiro | F15: 46051 | G15: 46210 | H15: MPRA | I15: WIP | J15: MPRA BV | N15: =(SUM(Z15:AL15)/7.5) -> 479.06667 | AI15: 80 | AJ15: 2713 | AK15: 122 | AL15: 678 | AS15: =K15*7.5 -> 0 | AT15: =L15*7.5 -> 0 | AU15: =M15*7.5 -> 0 | AV15: =N15*7.5 -> 3593 | AX15: =AG15 -> 0 | AY15: =SUM(AH15:AL15) -> 3593 | AZ15: =E15 -> Rio de Janeiro | BA15: =AX15/7.5*0.9 -> 0 | BB15: =AY15/7.5*0.8 -> 383.25333
A16: Brazil_P2 | B16: BRDRRIO | C16: =A16&D16 -> Brazil_P2kh.br.sa.bra.11_B | D16: kh.br.sa.bra.11_B | E16: Campos dos Goytacazes | F16: 46053 | G16: 46215 | H16: MPRA | I16: WIP | J16: Ranges2 | N16: =(SUM(Z16:AL16)/7.5) -> 1110.5333 | AA16: 2560 | AB16: 1253 | AF16: 5 | AG16: 118 | AH16: 141 | AI16: 95 | AJ16: 3201 | AK16: 156 | AL16: 800 | AS16: =K16*7.5 -> 0 | AT16: =L16*7.5 -> 0 | AU16: =M16*7.5 -> 0 | AV16: =N16*7.5 -> 8329 | AX16: =AA16 -> 2560 | AY16: =SUM(AB16:AL16) -> 5769 | AZ16: =E16 -> Campos dos Goytacazes | BA16: =AX16/7.5*0.9 -> 307.2 | BB16: =AY16/7.5*0.8 -> 615.36
A17: Brazil_P2 | B17: BRDRRIO | C17: =A17&D17 -> Brazil_P2kh.br.sa.bra.11_C | D17: kh.br.sa.bra.11_C | E17: Vitória | F17: 46059 | G17: 46224 | H17: MPRA | I17: WIP | J17: Ranges2 | N17: =(SUM(Z17:AL17)/7.5) -> 575.2 | AA17: 1498 | AB17: 609 | AF17: 3 | AG17: 57 | AH17: 74 | AI17: 46 | AJ17: 1555 | AK17: 83 | AL17: 389 | AS17: =K17*7.5 -> 0 | AT17: =L17*7.5 -> 0 | AU17: =M17*7.5 -> 0 | AV17: =N17*7.5 -> 4314 | AX17: =AA17 -> 1498 | AY17: =SUM(AB17:AL17) -> 2816 | AZ17: =E17 -> Vitória | BA17: =AX17/7.5*0.9 -> 179.76 | BB17: =AY17/7.5*0.8 -> 300.37333
A18: Brazil_P2 | B18: BRDRNE | C18: =A18&D18 -> Brazil_P2kh.br.sa.bra.16 | D18: kh.br.sa.bra.16 | E18: Salvador | F18: 46075 | G18: 46299 | H18: MPRA | I18: Awaiting Source | J18: - | N18: =(SUM(Z18:AL18)/7.5) -> 1507.0667 | Z18: 15 | AA18: 4337 | AB18: 1236 | AC18: 335 | AF18: 3 | AG18: 116 | AH18: 261 | AI18: 93 | AJ18: 3157 | AK18: 961 | AL18: 789 | AS18: =K18*7.5 -> 0 | AT18: =L18*7.5 -> 0 | AU18: =M18*7.5 -> 0 | AV18: =N18*7.5 -> 11303
A19: Brazil_P2 | B19: BRDRNE | C19: =A19&D19 -> Brazil_P2kh.br.sa.bra.17 | D19: kh.br.sa.bra.17 | E19: Recife | F19: 46091 | G19: 46307 | H19: MPRA | I19: Awaiting Source | J19: - | N19: =(SUM(AC19:AL19)/7.5) -> 1014.4 | AC19: 444 | AD19: 969 | AE19: 270 | AF19: 7 | AG19: 154 | AH19: 197 | AI19: 123 | AJ19: 4179 | AK19: 220 | AL19: 1045 | AS19: =K19*7.5 -> 0 | AT19: =L19*7.5 -> 0 | AU19: =M19*7.5 -> 0 | AV19: =N19*7.5 -> 7608
A20: Brazil_P2 | B20: BRDRNE | C20: =A20&D20 -> Brazil_P2kh.br.sa.bra.18 | D20: kh.br.sa.bra.18 | E20: Natal | F20: 46114 | G20: 46316 | H20: MPRA | I20: Awaiting Source | J20: - | N20: =(SUM(AC20:AL20)/7.5) -> 568.4 | AC20: 250 | AD20: 273 | AE20: 152 | AF20: 5 | AG20: 87 | AH20: 157 | AI20: 69 | AJ20: 2349 | AK20: 334 | AL20: 587 | AS20: =K20*7.5 -> 0 | AT20: =L20*7.5 -> 0 | AU20: =M20*7.5 -> 0 | AV20: =N20*7.5 -> 4263
A21: Brazil_P2 | B21: BRDRN | C21: =A21&D21 -> Brazil_P2kh.br.sa.bra.13 | D21: kh.br.sa.bra.13 | E21: Sao Luis | F21: 46104 | G21: 46320 | H21: MPRA | I21: Awaiting Source | J21: - | N21: =(SUM(AC21:AL21)/7.5) -> 304.8 | AC21: 122 | AD21: 133 | AE21: 74 | AF21: 1 | AG21: 42 | AH21: 95 | AI21: 34 | AJ21: 1147 | AK21: 351 | AL21: 287 | AS21: =K21*7.5 -> 0 | AT21: =L21*7.5 -> 0 | AU21: =M21*7.5 -> 0 | AV21: =N21*7.5 -> 2286
A22: Brazil_P2 | B22: BRDRN | C22: =A22&D22 -> Brazil_P2kh.br.sa.bra.14 | D22: kh.br.sa.bra.14 | E22: Teresina | F22: 46105 | G22: 46323 | H22: MPRA | I22: Awaiting Source | J22: - | N22: =(SUM(AC22:AL22)/7.5) -> 233.06667 | AC22: 92 | AD22: 100 | AE22: 56 | AF22: 1 | AG22: 32 | AH22: 77 | AI22: 25 | AJ22: 863 | AK22: 286 | AL22: 216 | AS22: =K22*7.5 -> 0 | AT22: =L22*7.5 -> 0 | AU22: =M22*7.5 -> 0 | AV22: =N22*7.5 -> 1748
A23: Brazil_P2 | B23: BRDRN | C23: =A23&D23 -> Brazil_P2kh.br.sa.bra.15 | D23: kh.br.sa.bra.15 | E23: Fortaleza | F23: 46135 | G23: 46333 | H23: MPRA | I23: Awaiting Source | J23: - | N23: =(SUM(Z23:AL23)/7.5) -> 582.66667 | AC23: 261 | AD23: 311 | AE23: 68 | AF23: 5 | AG23: 91 | AH23: 159 | AI23: 72 | AJ23: 2454 | AK23: 335 | AL23: 614 | AS23: =K23*7.5 -> 0 | AT23: =L23*7.5 -> 0 | AU23: =M23*7.5 -> 0 | AV23: =N23*7.5 -> 4370
A24: Brazil_P2 | B24: BRDRN | C24: =A24&D24 -> Brazil_P2kh.br.sa.bra.12 | D24: kh.br.sa.bra.12 | E24: Palmas | F24: 46148 | G24: 46338 | H24: MPRA | I24: Awaiting Source | J24: - | N24: =(SUM(Z24:AL24)/7.5) -> 115.86667 | AC24: 46 | AD24: 55 | AE24: 12 | AF24: 1 | AG24: 16 | AH24: 39 | AI24: 13 | AJ24: 433 | AK24: 146 | AL24: 108 | AS24: =K24*7.5 -> 0 | AT24: =L24*7.5 -> 0 | AU24: =M24*7.5 -> 0 | AV24: =N24*7.5 -> 869
A25: Brazil_P2 | B25: BRDRC_A | C25: =A25&D25 -> Brazil_P2kh.br.sa.bra.10_B | D25: kh.br.sa.bra.10_B | E25: Uberlândia | F25: 46098 | G25: 46354 | H25: MPRA | I25: Awaiting Source | J25: - | N25: =(SUM(Z25:AL25)/7.5) -> 2746.1333 | Z25: 29 | AA25: 8350 | AB25: 2379 | AC25: 646 | AF25: 13 | AG25: 224 | AH25: 380 | AI25: 179 | AJ25: 6078 | AK25: 799 | AL25: 1519 | AS25: =K25*7.5 -> 0 | AT25: =L25*7.5 -> 0 | AU25: =M25*7.5 -> 0 | AV25: =N25*7.5 -> 20596
A26: Brazil_P2 | B26: BRDRC_A | C26: =A26&D26 -> Brazil_P2kh.br.sa.bra.10_A | D26: kh.br.sa.bra.10_A | E26: Belo Horizonte | F26: 46155 | G26: 46369 | H26: MPRA | I26: Awaiting Source | J26: - | N26: =(SUM(Z26:AL26)/7.5) -> 1369.3333 | AC26: 512 | AD26: 594 | AE26: 133 | AF26: 10 | AG26: 178 | AH26: 311 | AI26: 142 | AJ26: 6186 | AK26: 657 | AL26: 1547 | AS26: =K26*7.5 -> 0 | AT26: =L26*7.5 -> 0 | AU26: =M26*7.5 -> 0 | AV26: =N26*7.5 -> 10270
A27: Brazil_P2 | B27: BRDRC_A | C27: =A27&D27 -> Brazil_P2kh.br.sa.bra.09_B | D27: kh.br.sa.bra.09_B | E27: Goiânia | F27: 46201 | G27: 46383 | H27: MPRA | I27: Awaiting Source | J27: - | N27: =(SUM(Z27:AL27)/7.5) -> 1339.8667 | Z27: 14 | AA27: 4052 | AB27: 1154 | AC27: 313 | AF27: 3 | AG27: 109 | AH27: 154 | AI27: 87 | AJ27: 2949 | AK27: 477 | AL27: 737 | AS27: =K27*7.5 -> 0 | AT27: =L27*7.5 -> 0 | AU27: =M27*7.5 -> 0 | AV27: =N27*7.5 -> 10049
A28: Brazil_P2 | B28: BRDRC_A | C28: =A28&D28 -> Brazil_P2kh.br.sa.bra.09_A | D28: kh.br.sa.bra.09_A | E28: Brasília | F28: 46212 | G28: 46389 | H28: MPRA | I28: Awaiting Source | J28: - | N28: =(SUM(Z28:AL28)/7.5) -> 548.13333 | Z28: 3 | AA28: 938 | AB28: 2013 | AC28: 73 | AF28: 1 | AG28: 25 | AH28: 44 | AI28: 20 | AJ28: 683 | AK28: 140 | AL28: 171 | AS28: =K28*7.5 -> 0 | AT28: =L28*7.5 -> 0 | AU28: =M28*7.5 -> 0 | AV28: =N28*7.5 -> 4111
A29: Brazil_P2 | B29: BRDRS_A | C29: =A29&D29 -> Brazil_P2kh.br.sa.bra.07_A | D29: kh.br.sa.bra.07_A | E29: Curitiba | F29: 46312 | G29: 46404 | H29: HLA | I29: Awaiting Source | J29: - | L29: =((SUM(R29:S29))/7.5) -> 86.533333 | M29: =(SUM(T29:Y29)/7.5) -> 1184.5333 | N29: =(SUM(Z29:AL29)/7.5) -> 1969.6 | R29: 644 | S29: 5 | T29: 7574 | U29: 1 | V29: 646 | W29: 126 | X29: 201 | Y29: 336 | Z29: 21 | AA29: 6008 | AB29: 1712 | AC29: 465 | AF29: 9 | AG29: 161 | AH29: 260 | AI29: 129 | AJ29: 4373 | AK29: 541 | AL29: 1093 | AS29: =K29*7.5 -> 0 | AT29: =L29*7.5 -> 649 | AU29: =M29*7.5 -> 8884 | AV29: =N29*7.5 -> 14772
A30: Brazil_P2 | B30: BRDRS_A | C30: =A30&D30 -> Brazil_P2kh.br.sa.bra.06 | D30: kh.br.sa.bra.06 | E30: Porto Alegre | F30: 46233 | G30: 46414 | H30: ADC | I30: YTS | J30: Unmatched | M30: =(SUM(T30:Y30)/7.5) -> 1143.4667 | N30: =(SUM(Z30:AL30)/7.5) -> 1914.1333 | T30: 6615 | U30: 1 | V30: 624 | W30: 122 | X30: 194 | Y30: 1020 | Z30: 20 | AA30: 5804 | AB30: 1654 | AC30: 449 | AF30: 9 | AG30: 156 | AH30: 276 | AI30: 125 | AJ30: 4225 | AK30: 582 | AL30: 1056 | AS30: =K30*7.5 -> 0 | AT30: =L30*7.5 -> 0 | AU30: =M30*7.5 -> 8576 | AV30: =N30*7.5 -> 14356 | AX30: =T30 -> 6615 | AY30: =SUM(U30:Y30) -> 1961 | AZ30: =E30 -> Porto Alegre | BA30: =AX30/7.5*0.9 -> 793.8 | BB30: =AY30/7.5*0.8 -> 209.17333
A31: Brazil_P2 | B31: BRDRS_A | C31: =A31&D31 -> Brazil_P2kh.br.sa.bra.05 | D31: kh.br.sa.bra.05 | E31: Corumba | F31: 46245 | G31: 46419 | H31: MPRA | I31: Awaiting Source | J31: - | M31: =(SUM(T31:Y31)/7.5) -> 0 | N31: =(SUM(Z31:AL31)/7.5) -> 549.86667 | Z31: 6 | AA31: 1614 | AB31: 460 | AC31: 125 | AF31: 1 | AG31: 43 | AH31: 81 | AI31: 35 | AJ31: 1174 | AK31: 291 | AL31: 294 | AS31: =K31*7.5 -> 0 | AT31: =L31*7.5 -> 0 | AU31: =M31*7.5 -> 0 | AV31: =N31*7.5 -> 4124
A32: Brazil_P2 | B32: BRDRS_A | C32: =A32&D32 -> Brazil_P2kh.br.sa.bra.07_B | D32: kh.br.sa.bra.07_B | E32: Joinville | F32: 46350 | G32: 46427 | H32: HLA | I32: Awaiting Source | J32: - | L32: =((SUM(R32:S32))/7.5) -> 246 | M32: =(SUM(T32:Y32)/7.5) -> 732 | N32: =(SUM(Z32:AL32)/7.5) -> 1124.8 | R32: 1808 | S32: 37 | T32: 4330 | U32: 0 | V32: 369 | W32: 72 | X32: 115 | Y32: 604 | Z32: 12 | AA32: 3434 | AB32: 978 | AC32: 266 | AF32: 5 | AG32: 92 | AH32: 146 | AI32: 74 | AJ32: 2500 | AK32: 304 | AL32: 625 | AS32: =K32*7.5 -> 0 | AT32: =L32*7.5 -> 1845 | AU32: =M32*7.5 -> 5490 | AV32: =N32*7.5 -> 8436
A33: Brazil_P2 | B33: BRDRW | C33: =A33&D33 -> Brazil_P2kh.br.sa.bra.04 | D33: kh.br.sa.bra.04 | E33: Cuiaba | F33: 46253 | G33: 46434 | H33: ADC | I33: YTS | J33: Unmatched | M33: =(SUM(T33:Y33)/7.5) -> 316.53333 | N33: =(SUM(Z33:AL33)/7.5) -> 872.66667 | T33: 1834 | U33: 1 | V33: 115 | W33: 164 | X33: 15 | Y33: 245 | Z33: 9 | AA33: 1638 | AB33: 1026 | AC33: 278 | AF33: 1 | AG33: 97 | AH33: 105 | AI33: 77 | AJ33: 2346 | AK33: 381 | AL33: 587 | AS33: =K33*7.5 -> 0 | AT33: =L33*7.5 -> 0 | AU33: =M33*7.5 -> 2374 | AV33: =N33*7.5 -> 6545 | AX33: =T33 -> 1834 | AY33: =SUM(U33:Y33) -> 540 | AZ33: =E33 -> Cuiaba | BA33: =AX33/7.5*0.9 -> 220.08 | BB33: =AY33/7.5*0.8 -> 57.6
A34: Brazil_P2 | B34: BRDRW | C34: =A34&D34 -> Brazil_P2kh.br.sa.bra.01 | D34: kh.br.sa.bra.01 | E34: Porto Velho | F34: 46259 | G34: 46435 | H34: MPRA | I34: Awaiting Source | J34: - | M34: =(SUM(T34:Y34)/7.5) -> 0 | N34: =(SUM(Z34:AL34)/7.5) -> 389.33333 | Z34: 4 | AA34: 1121 | AB34: 319 | AC34: 87 | AF34: 1 | AG34: 30 | AH34: 67 | AI34: 24 | AJ34: 816 | AK34: 247 | AL34: 204 | AS34: =K34*7.5 -> 0 | AT34: =L34*7.5 -> 0 | AU34: =M34*7.5 -> 0 | AV34: =N34*7.5 -> 2920
A35: Brazil_P2 | B35: BRDRW | C35: =A35&D35 -> Brazil_P2kh.br.sa.bra.03 | D35: kh.br.sa.bra.03 | E35: Belem | F35: 46272 | G35: 46437 | H35: HLA | I35: WIP | J35: Hookline | L35: =((SUM(R35:S35))/7.5) -> 229.46667 | M35: =(SUM(T35:Y35)/7.5) -> 95.733333 | N35: =(SUM(Z35:AL35)/7.5) -> 740.53333 | R35: 1675 | S35: 46 | V35: 229 | W35: 43 | X35: 71 | Y35: 375 | Z35: 7 | AA35: 2134 | AB35: 608 | AC35: 165 | AF35: 2 | AG35: 57 | AH35: 127 | AI35: 46 | AJ35: 1554 | AK35: 466 | AL35: 388 | AS35: =K35*7.5 -> 0 | AT35: =L35*7.5 -> 1721 | AU35: =M35*7.5 -> 718 | AV35: =N35*7.5 -> 5554 | AX35: =R35 -> 1675 | AY35: =SUM(S35:Y35) -> 764 | AZ35: =E35 -> Belem | BA35: =AX35/7.5*0.9 -> 201 | BB35: =AY35/7.5*0.8 -> 81.493333
A36: Brazil_P2 | B36: BRDRW | C36: =A36&D36 -> Brazil_P2kh.br.sa.bra.02 | D36: kh.br.sa.bra.02 | E36: Manaus | F36: 46276 | G36: 46437 | H36: ADC | I36: WIP | J36: Anamolies Cleanup | L36: =((SUM(R36:S36))/7.5) -> 0 | M36: =(SUM(T36:Y36)/7.5) -> 17.466667 | N36: =(SUM(Z36:AL36)/7.5) -> 512 | W36: 0 | X36: 49 | Y36: 82 | Z36: 5 | AA36: 1461 | AB36: 416 | AC36: 113 | AF36: 1 | AG36: 39 | AH36: 94 | AI36: 31 | AJ36: 1063 | AK36: 351 | AL36: 266 | AS36: =K36*7.5 -> 0 | AT36: =L36*7.5 -> 0 | AU36: =M36*7.5 -> 131 | AV36: =N36*7.5 -> 3840 | AX36: =R36 -> 0 | AY36: =SUM(S36:Y36) -> 131 | AZ36: =E36 -> Manaus | BA36: =AX36/7.5*0.9 -> 0 | BB36: =AY36/7.5*0.8 -> 13.973333
A37: Indonesia | B37: IDDRSM | C37: =A37&D37 -> Indonesiakh.br.as.idn.01 | D37: kh.br.as.idn.01 | E37: Aceh | F37: 46594 | G37: 46719 | H37: Source Prep | I37: Awaiting Source | J37: - | K37: =(Q37/7.5) -> 31.6 | L37: =((SUM(R37:S37))/7.5) -> 90.133333 | M37: =(SUM(T37:Y37)/7.5) -> 112.4 | N37: =(SUM(Z37:AL37)/7.5) -> 81.066667 | Q37: 237 | R37: 633 | S37: 43 | T37: 583 | U37: 5 | V37: 74 | W37: 75 | X37: 45 | Y37: 61 | Z37: 16 | AA37: 176 | AB37: 117 | AC37: 58 | AD37: 35 | AE37: 4 | AF37: 0 | AG37: 18 | AH37: 7 | AI37: 8 | AJ37: 158 | AK37: 11 | AS37: =K37*7.5 -> 237 | AT37: =L37*7.5 -> 676 | AU37: =M37*7.5 -> 843 | AV37: =N37*7.5 -> 608
A38: Indonesia | B38: IDDRSM | C38: =A38&D38 -> Indonesiakh.br.as.idn.05 | D38: kh.br.as.idn.05 | E38: Lampung | F38: 46627 | G38: 46739 | H38: Source Prep | I38: Awaiting Source | J38: - | K38: =(Q38/7.5) -> 54 | L38: =((SUM(R38:S38))/7.5) -> 154 | M38: =(SUM(T38:Y38)/7.5) -> 192.13333 | N38: =(SUM(Z38:AL38)/7.5) -> 138.26667 | Q38: 405 | R38: 1081 | S38: 74 | T38: 996 | U38: 8 | V38: 127 | W38: 129 | X38: 77 | Y38: 104 | Z38: 27 | AA38: 300 | AB38: 200 | AC38: 100 | AD38: 60 | AE38: 6 | AF38: 0 | AG38: 30 | AH38: 12 | AI38: 14 | AJ38: 270 | AK38: 18 | AS38: =K38*7.5 -> 405 | AT38: =L38*7.5 -> 1155 | AU38: =M38*7.5 -> 1441 | AV38: =N38*7.5 -> 1037
A39: Indonesia | B39: IDDRSM | C39: =A39&D39 -> Indonesiakh.br.as.idn.04 | D39: kh.br.as.idn.04 | E39: Sumatra Island South | F39: 46639 | G39: 46754 | H39: Source Prep | I39: Awaiting Source | J39: - | K39: =(Q39/7.5) -> 92.933333 | L39: =((SUM(R39:S39))/7.5) -> 264.66667 | M39: =(SUM(T39:Y39)/7.5) -> 330.4 | N39: =(SUM(Z39:AL39)/7.5) -> 237.46667 | Q39: 697 | R39: 1858 | S39: 127 | T39: 1711 | U39: 15 | V39: 219 | W39: 221 | X39: 133 | Y39: 179 | Z39: 46 | AA39: 516 | AB39: 344 | AC39: 171 | AD39: 103 | AE39: 11 | AF39: 0 | AG39: 52 | AH39: 20 | AI39: 23 | AJ39: 464 | AK39: 31 | AS39: =K39*7.5 -> 697 | AT39: =L39*7.5 -> 1985 | AU39: =M39*7.5 -> 2478 | AV39: =N39*7.5 -> 1781
A40: Indonesia | B40: IDDRSM | C40: =A40&D40 -> Indonesiakh.br.as.idn.03 | D40: kh.br.as.idn.03 | E40: Sumatra Island Central | F40: 46651 | G40: 46766 | H40: Source Prep | I40: Awaiting Source | J40: - | K40: =(Q40/7.5) -> 84 | L40: =((SUM(R40:S40))/7.5) -> 239.06667 | M40: =(SUM(T40:Y40)/7.5) -> 298.53333 | N40: =(SUM(Z40:AL40)/7.5) -> 214.8 | Q40: 630 | R40: 1679 | S40: 114 | T40: 1547 | U40: 13 | V40: 198 | W40: 200 | X40: 120 | Y40: 161 | Z40: 42 | AA40: 466 | AB40: 311 | AC40: 155 | AD40: 93 | AE40: 10 | AF40: 0 | AG40: 47 | AH40: 18 | AI40: 21 | AJ40: 420 | AK40: 28 | AS40: =K40*7.5 -> 630 | AT40: =L40*7.5 -> 1793 | AU40: =M40*7.5 -> 2239 | AV40: =N40*7.5 -> 1611
A41: Indonesia | B41: IDDRSM | C41: =A41&D41 -> Indonesiakh.br.as.idn.02 | D41: kh.br.as.idn.02 | E41: Medan | F41: 46659 | G41: 46780 | H41: Source Prep | I41: Awaiting Source | J41: - | K41: =(Q41/7.5) -> 88.8 | L41: =((SUM(R41:S41))/7.5) -> 252.93333 | M41: =(SUM(T41:Y41)/7.5) -> 315.73333 | N41: =(SUM(Z41:AL41)/7.5) -> 227.2 | Q41: 666 | R41: 1776 | S41: 121 | T41: 1636 | U41: 14 | V41: 209 | W41: 211 | X41: 127 | Y41: 171 | Z41: 44 | AA41: 493 | AB41: 329 | AC41: 164 | AD41: 99 | AE41: 11 | AF41: 0 | AG41: 49 | AH41: 19 | AI41: 22 | AJ41: 444 | AK41: 30 | AS41: =K41*7.5 -> 666 | AT41: =L41*7.5 -> 1897 | AU41: =M41*7.5 -> 2368 | AV41: =N41*7.5 -> 1704
A42: Indonesia | B42: IDDRKA | C42: =A42&D42 -> Indonesiakh.br.as.idn.07 | D42: kh.br.as.idn.07 | E42: West Kalimantan | F42: 46663 | G42: 46794 | H42: Source Prep | I42: Awaiting Source | J42: - | K42: =(Q42/7.5) -> 48.533333 | L42: =((SUM(R42:S42))/7.5) -> 138.13333 | M42: =(SUM(T42:Y42)/7.5) -> 172.4 | N42: =(SUM(Z42:AL42)/7.5) -> 124.13333 | Q42: 364 | R42: 970 | S42: 66 | T42: 894 | U42: 8 | V42: 114 | W42: 115 | X42: 69 | Y42: 93 | Z42: 24 | AA42: 269 | AB42: 180 | AC42: 89 | AD42: 54 | AE42: 6 | AF42: 0 | AG42: 27 | AH42: 11 | AI42: 12 | AJ42: 243 | AK42: 16 | AS42: =K42*7.5 -> 364 | AT42: =L42*7.5 -> 1036 | AU42: =M42*7.5 -> 1293 | AV42: =N42*7.5 -> 931
A43: Indonesia | B43: IDDRKA | C43: =A43&D43 -> Indonesiakh.br.as.idn.06 | D43: kh.br.as.idn.06 | E43: East Kalimantan | F43: 46666 | G43: 46805 | H43: Source Prep | I43: Awaiting Source | J43: - | K43: =(Q43/7.5) -> 51.2 | L43: =((SUM(R43:S43))/7.5) -> 146 | M43: =(SUM(T43:Y43)/7.5) -> 182.26667 | N43: =(SUM(Z43:AL43)/7.5) -> 131.06667 | Q43: 384 | R43: 1025 | S43: 70 | T43: 944 | U43: 8 | V43: 121 | W43: 122 | X43: 73 | Y43: 99 | Z43: 26 | AA43: 285 | AB43: 190 | AC43: 94 | AD43: 57 | AE43: 6 | AF43: 0 | AG43: 28 | AH43: 11 | AI43: 13 | AJ43: 256 | AK43: 17 | AS43: =K43*7.5 -> 384 | AT43: =L43*7.5 -> 1095 | AU43: =M43*7.5 -> 1367 | AV43: =N43*7.5 -> 983
A44: Indonesia | B44: IDDRJW | C44: =A44&D44 -> Indonesiakh.br.as.idn.09 | D44: kh.br.as.idn.09 | E44: Jakarta | F44: 46674 | G44: 46815 | H44: Source Prep | I44: Awaiting Source | J44: - | K44: =(Q44/7.5) -> 63.333333 | L44: =((SUM(R44:S44))/7.5) -> 180.53333 | M44: =(SUM(T44:Y44)/7.5) -> 225.33333 | N44: =(SUM(Z44:AL44)/7.5) -> 162.26667 | Q44: 475 | R44: 1268 | S44: 86 | T44: 1167 | U44: 10 | V44: 149 | W44: 151 | X44: 91 | Y44: 122 | Z44: 32 | AA44: 352 | AB44: 235 | AC44: 117 | AD44: 70 | AE44: 8 | AF44: 0 | AG44: 35 | AH44: 14 | AI44: 16 | AJ44: 317 | AK44: 21 | AS44: =K44*7.5 -> 475 | AT44: =L44*7.5 -> 1354 | AU44: =M44*7.5 -> 1690 | AV44: =N44*7.5 -> 1217
A45: Indonesia | B45: IDDRJW | C45: =A45&D45 -> Indonesiakh.br.as.idn.08 | D45: kh.br.as.idn.08 | E45: Banten | F45: 46684 | G45: 46835 | H45: Source Prep | I45: Awaiting Source | J45: - | K45: =(Q45/7.5) -> 71.466667 | L45: =((SUM(R45:S45))/7.5) -> 203.46667 | M45: =(SUM(T45:Y45)/7.5) -> 253.86667 | N45: =(SUM(Z45:AL45)/7.5) -> 183.06667 | Q45: 536 | R45: 1429 | S45: 97 | T45: 1316 | U45: 11 | V45: 168 | W45: 170 | X45: 102 | Y45: 137 | Z45: 36 | AA45: 397 | AB45: 265 | AC45: 132 | AD45: 79 | AE45: 9 | AF45: 0 | AG45: 40 | AH45: 16 | AI45: 18 | AJ45: 357 | AK45: 24 | AS45: =K45*7.5 -> 536 | AT45: =L45*7.5 -> 1526 | AU45: =M45*7.5 -> 1904 | AV45: =N45*7.5 -> 1373
A46: Indonesia | B46: IDDRJW | C46: =A46&D46 -> Indonesiakh.br.as.idn.10_A | D46: kh.br.as.idn.10_A | E46: West Java A | F46: 46703 | G46: 46851 | H46: Source Prep | I46: Awaiting Source | J46: - | K46: =(Q46/7.5) -> 103.6 | L46: =((SUM(R46:S46))/7.5) -> 294.93333 | M46: =(SUM(T46:Y46)/7.5) -> 368 | N46: =(SUM(Z46:AL46)/7.5) -> 265.06667 | Q46: 777 | R46: 2071 | S46: 141 | T46: 1907 | U46: 16 | V46: 244 | W46: 246 | X46: 148 | Y46: 199 | Z46: 52 | AA46: 575 | AB46: 383 | AC46: 191 | AD46: 115 | AE46: 12 | AF46: 0 | AG46: 58 | AH46: 23 | AI46: 26 | AJ46: 518 | AK46: 35 | AS46: =K46*7.5 -> 777 | AT46: =L46*7.5 -> 2212 | AU46: =M46*7.5 -> 2760 | AV46: =N46*7.5 -> 1988
A47: Indonesia | B47: IDDRJW | C47: =A47&D47 -> Indonesiakh.br.as.idn.12_C | D47: kh.br.as.idn.12_C | E47: East Java C | F47: 46720 | G47: 46867 | H47: Source Prep | I47: Awaiting Source | J47: - | K47: =(Q47/7.5) -> 84.266667 | L47: =((SUM(R47:S47))/7.5) -> 239.86667 | M47: =(SUM(T47:Y47)/7.5) -> 299.33333 | N47: =(SUM(Z47:AL47)/7.5) -> 215.46667 | Q47: 632 | R47: 1684 | S47: 115 | T47: 1551 | U47: 13 | V47: 198 | W47: 201 | X47: 120 | Y47: 162 | Z47: 42 | AA47: 468 | AB47: 312 | AC47: 155 | AD47: 94 | AE47: 10 | AF47: 0 | AG47: 47 | AH47: 18 | AI47: 21 | AJ47: 421 | AK47: 28 | AS47: =K47*7.5 -> 632 | AT47: =L47*7.5 -> 1799 | AU47: =M47*7.5 -> 2245 | AV47: =N47*7.5 -> 1616
A48: Indonesia | B48: IDDRJW | C48: =A48&D48 -> Indonesiakh.br.as.idn.11_C | D48: kh.br.as.idn.11_C | E48: Yogyakarta | F48: 46738 | G48: 46880 | H48: Source Prep | I48: Awaiting Source | J48: - | K48: =(Q48/7.5) -> 64.4 | L48: =((SUM(R48:S48))/7.5) -> 183.33333 | M48: =(SUM(T48:Y48)/7.5) -> 228.66667 | N48: =(SUM(Z48:AL48)/7.5) -> 164.53333 | Q48: 483 | R48: 1287 | S48: 88 | T48: 1185 | U48: 10 | V48: 151 | W48: 153 | X48: 92 | Y48: 124 | Z48: 32 | AA48: 357 | AB48: 238 | AC48: 119 | AD48: 71 | AE48: 8 | AF48: 0 | AG48: 36 | AH48: 14 | AI48: 16 | AJ48: 322 | AK48: 21 | AS48: =K48*7.5 -> 483 | AT48: =L48*7.5 -> 1375 | AU48: =M48*7.5 -> 1715 | AV48: =N48*7.5 -> 1234
... A62: Indonesia | B62: IDDRPP | C62: =A62&D62 -> Indonesiakh.br.as.idn.19 | D62: kh.br.as.idn.19 | E62: Papua West | F62: 46876 | G62: 46975 | H62: Source Prep | I62: Awaiting Source | J62: - | K62: =(Q62/7.5) -> 15.2 | L62: =((SUM(R62:S62))/7.5) -> 43.2 | M62: =(SUM(T62:Y62)/7.5) -> 53.866667 | N62: =(SUM(Z62:AL62)/7.5) -> 38.8 | Q62: 114 | R62: 303 | S62: 21 | T62: 279 | U62: 2 | V62: 36 | W62: 36 | X62: 22 | Y62: 29 | Z62: 8 | AA62: 84 | AB62: 56 | AC62: 28 | AD62: 17 | AE62: 2 | AF62: 0 | AG62: 8 | AH62: 3 | AI62: 4 | AJ62: 76 | AK62: 5 | AS62: =K62*7.5 -> 114 | AT62: =L62*7.5 -> 324 | AU62: =M62*7.5 -> 404 | AV62: =N62*7.5 -> 291
A63: Philippines | B63: PHDR2 | C63: =A63&D63 -> Philippineskh.br.as.phl.08 | D63: kh.br.as.phl.08 | E63: Mimaropa | F63: 46838 | G63: 46947 | H63: Source Prep | I63: Awaiting Source | J63: - | K63: =(Q63/7.5) -> 12.533333 | L63: =((SUM(R63:S63))/7.5) -> 23.866667 | M63: =(SUM(T63:Y63)/7.5) -> 25.866667 | N63: =(SUM(Z63:AL63)/7.5) -> 100.8 | Q63: 94 | R63: 169 | S63: 10 | T63: 106 | U63: 5 | V63: 26 | W63: 25 | X63: 24 | Y63: 8 | Z63: 1 | AA63: 210 | AB63: 271 | AC63: 108 | AF63: 0 | AG63: 40 | AH63: 2 | AI63: 7 | AJ63: 87 | AK63: 30 | AS63: =K63*7.5 -> 94 | AT63: =L63*7.5 -> 179 | AU63: =M63*7.5 -> 194 | AV63: =N63*7.5 -> 756
A64: Philippines | B64: PHDR2 | C64: =A64&D64 -> Philippineskh.br.as.phl.09 | D64: kh.br.as.phl.09 | E64: Western Visayas | F64: 46880 | G64: 46979 | H64: Source Prep | I64: Awaiting Source | J64: - | K64: =(Q64/7.5) -> 18.266667 | L64: =((SUM(R64:S64))/7.5) -> 34.933333 | M64: =(SUM(T64:Y64)/7.5) -> 37.6 | N64: =(SUM(Z64:AL64)/7.5) -> 147.6 | Q64: 137 | R64: 247 | S64: 15 | T64: 155 | U64: 7 | V64: 37 | W64: 37 | X64: 35 | Y64: 11 | Z64: 2 | AA64: 308 | AB64: 397 | AC64: 158 | AF64: 0 | AG64: 59 | AH64: 3 | AI64: 10 | AJ64: 127 | AK64: 43 | AS64: =K64*7.5 -> 137 | AT64: =L64*7.5 -> 262 | AU64: =M64*7.5 -> 282 | AV64: =N64*7.5 -> 1107
A65: Philippines | B65: PHDR2 | C65: =A65&D65 -> Philippineskh.br.as.phl.18 | D65: kh.br.as.phl.18 | E65: Negros Island | F65: 46885 | G65: 46985 | H65: Source Prep | I65: Awaiting Source | J65: - | K65: =(Q65/7.5) -> 18.4 | L65: =((SUM(R65:S65))/7.5) -> 35.2 | M65: =(SUM(T65:Y65)/7.5) -> 38 | N65: =(SUM(Z65:AL65)/7.5) -> 148.66667 | Q65: 138 | R65: 249 | S65: 15 | T65: 156 | U65: 7 | V65: 38 | W65: 37 | X65: 35 | Y65: 12 | Z65: 2 | AA65: 310 | AB65: 400 | AC65: 159 | AF65: 0 | AG65: 59 | AH65: 3 | AI65: 10 | AJ65: 128 | AK65: 44 | AS65: =K65*7.5 -> 138 | AT65: =L65*7.5 -> 264 | AU65: =M65*7.5 -> 285 | AV65: =N65*7.5 -> 1115
A66: Philippines | B66: PHDR2 | C66: =A66&D66 -> Philippineskh.br.as.phl.11 | D66: kh.br.as.phl.11 | E66: Eastern Visayas | F66: 46888 | G66: 46988 | H66: Source Prep | I66: Awaiting Source | J66: - | K66: =(Q66/7.5) -> 17.6 | L66: =((SUM(R66:S66))/7.5) -> 33.6 | M66: =(SUM(T66:Y66)/7.5) -> 36.133333 | N66: =(SUM(Z66:AL66)/7.5) -> 141.86667 | Q66: 132 | R66: 238 | S66: 14 | T66: 149 | U66: 7 | V66: 36 | W66: 35 | X66: 33 | Y66: 11 | Z66: 2 | AA66: 296 | AB66: 382 | AC66: 152 | AF66: 0 | AG66: 56 | AH66: 2 | AI66: 10 | AJ66: 122 | AK66: 42 | AS66: =K66*7.5 -> 132 | AT66: =L66*7.5 -> 252 | AU66: =M66*7.5 -> 271 | AV66: =N66*7.5 -> 1064
A67: Philippines | B67: PHDR2 | C67: =A67&D67 -> Philippineskh.br.as.phl.10 | D67: kh.br.as.phl.10 | E67: Central Visayas | F67: 46897 | G67: 46999 | H67: Source Prep | I67: Awaiting Source | J67: - | K67: =(Q67/7.5) -> 25.333333 | L67: =((SUM(R67:S67))/7.5) -> 48.4 | M67: =(SUM(T67:Y67)/7.5) -> 52.133333 | N67: =(SUM(Z67:AL67)/7.5) -> 204.4 | Q67: 190 | R67: 342 | S67: 21 | T67: 214 | U67: 10 | V67: 52 | W67: 51 | X67: 48 | Y67: 16 | Z67: 3 | AA67: 426 | AB67: 550 | AC67: 219 | AF67: 0 | AG67: 81 | AH67: 4 | AI67: 14 | AJ67: 176 | AK67: 60 | AS67: =K67*7.5 -> 190 | AT67: =L67*7.5 -> 363 | AU67: =M67*7.5 -> 391 | AV67: =N67*7.5 -> 1533
A68: Philippines | B68: PHDR1 | C68: =A68&D68 -> Philippineskh.br.as.phl.06 | D68: kh.br.as.phl.06 | E68: Manila | F68: 46908 | G68: 47007 | H68: Source Prep | I68: Awaiting Source | J68: - | K68: =(Q68/7.5) -> 78.266667 | L68: =((SUM(R68:S68))/7.5) -> 149.6 | M68: =(SUM(T68:Y68)/7.5) -> 160.8 | N68: =(SUM(Z68:AL68)/7.5) -> 631.6 | Q68: 587 | R68: 1058 | S68: 64 | T68: 662 | U68: 30 | V68: 160 | W68: 157 | X68: 148 | Y68: 49 | Z68: 9 | AA68: 1317 | AB68: 1699 | AC68: 676 | AF68: 0 | AG68: 250 | AH68: 11 | AI68: 44 | AJ68: 545 | AK68: 186 | AS68: =K68*7.5 -> 587 | AT68: =L68*7.5 -> 1122 | AU68: =M68*7.5 -> 1206 | AV68: =N68*7.5 -> 4737
A69: Philippines | B69: PHDR1 | C69: =A69&D69 -> Philippineskh.br.as.phl.07 | D69: kh.br.as.phl.07 | E69: Bicol | F69: 46913 | G69: 47009 | H69: Source Prep | I69: Awaiting Source | J69: - | K69: =(Q69/7.5) -> 23.466667 | L69: =((SUM(R69:S69))/7.5) -> 44.933333 | M69: =(SUM(T69:Y69)/7.5) -> 48.266667 | N69: =(SUM(Z69:AL69)/7.5) -> 189.86667 | Q69: 176 | R69: 318 | S69: 19 | T69: 199 | U69: 9 | V69: 48 | W69: 47 | X69: 44 | Y69: 15 | Z69: 3 | AA69: 396 | AB69: 511 | AC69: 203 | AF69: 0 | AG69: 75 | AH69: 3 | AI69: 13 | AJ69: 164 | AK69: 56 | AS69: =K69*7.5 -> 176 | AT69: =L69*7.5 -> 337 | AU69: =M69*7.5 -> 362 | AV69: =N69*7.5 -> 1424
A70: Philippines | B70: PHDR1 | C70: =A70&D70 -> Philippineskh.br.as.phl.04 | D70: kh.br.as.phl.04 | E70: Central Luzon | F70: 46926 | G70: 47024 | H70: Source Prep | I70: Awaiting Source | J70: - | K70: =(Q70/7.5) -> 72 | L70: =((SUM(R70:S70))/7.5) -> 137.73333 | M70: =(SUM(T70:Y70)/7.5) -> 148 | N70: =(SUM(Z70:AL70)/7.5) -> 581.86667 | Q70: 540 | R70: 974 | S70: 59 | T70: 610 | U70: 28 | V70: 147 | W70: 144 | X70: 136 | Y70: 45 | Z70: 8 | AA70: 1214 | AB70: 1565 | AC70: 622 | AF70: 0 | AG70: 231 | AH70: 10 | AI70: 41 | AJ70: 502 | AK70: 171 | AS70: =K70*7.5 -> 540 | AT70: =L70*7.5 -> 1033 | AU70: =M70*7.5 -> 1110 | AV70: =N70*7.5 -> 4364
A71: Philippines | B71: PHDR1 | C71: =A71&D71 -> Philippineskh.br.as.phl.05 | D71: kh.br.as.phl.05 | E71: Calabarzon | F71: 46944 | G71: 47040 | H71: Source Prep | I71: Awaiting Source | J71: - | K71: =(Q71/7.5) -> 93.866667 | L71: =((SUM(R71:S71))/7.5) -> 179.6 | M71: =(SUM(T71:Y71)/7.5) -> 193.2 | N71: =(SUM(Z71:AL71)/7.5) -> 758.4 | Q71: 704 | R71: 1270 | S71: 77 | T71: 796 | U71: 37 | V71: 192 | W71: 188 | X71: 177 | Y71: 59 | Z71: 10 | AA71: 1582 | AB71: 2040 | AC71: 812 | AF71: 0 | AG71: 301 | AH71: 13 | AI71: 53 | AJ71: 654 | AK71: 223 | AS71: =K71*7.5 -> 704 | AT71: =L71*7.5 -> 1347 | AU71: =M71*7.5 -> 1449 | AV71: =N71*7.5 -> 5688
A72: Philippines | B72: PHDR1 | C72: =A72&D72 -> Philippineskh.br.as.phl.02 | D72: kh.br.as.phl.02 | E72: Cordillera | F72: 46945 | G72: 47041 | H72: Source Prep | I72: Awaiting Source | J72: - | K72: =(Q72/7.5) -> 6.9333333 | L72: =((SUM(R72:S72))/7.5) -> 13.333333 | M72: =(SUM(T72:Y72)/7.5) -> 14.266667 | N72: =(SUM(Z72:AL72)/7.5) -> 56 | Q72: 52 | R72: 94 | S72: 6 | T72: 59 | U72: 3 | V72: 14 | W72: 14 | X72: 13 | Y72: 4 | Z72: 1 | AA72: 117 | AB72: 151 | AC72: 60 | AF72: 0 | AG72: 22 | AH72: 1 | AI72: 4 | AJ72: 48 | AK72: 16 | AS72: =K72*7.5 -> 52 | AT72: =L72*7.5 -> 100 | AU72: =M72*7.5 -> 107 | AV72: =N72*7.5 -> 420
A73: Philippines | B73: PHDR1 | C73: =A73&D73 -> Philippineskh.br.as.phl.03 | D73: kh.br.as.phl.03 | E73: Cagayan Valley | F73: 46948 | G73: 47045 | H73: Source Prep | I73: Awaiting Source | J73: - | K73: =(Q73/7.5) -> 14.266667 | L73: =((SUM(R73:S73))/7.5) -> 27.333333 | M73: =(SUM(T73:Y73)/7.5) -> 29.466667 | N73: =(SUM(Z73:AL73)/7.5) -> 115.2 | Q73: 107 | R73: 193 | S73: 12 | T73: 121 | U73: 6 | V73: 29 | W73: 29 | X73: 27 | Y73: 9 | Z73: 2 | AA73: 240 | AB73: 310 | AC73: 123 | AF73: 0 | AG73: 46 | AH73: 2 | AI73: 8 | AJ73: 99 | AK73: 34 | AS73: =K73*7.5 -> 107 | AT73: =L73*7.5 -> 205 | AU73: =M73*7.5 -> 221 | AV73: =N73*7.5 -> 864
A74: Philippines | B74: PHDR1 | C74: =A74&D74 -> Philippineskh.br.as.phl.01 | D74: kh.br.as.phl.01 | E74: Ilocos | F74: 46954 | G74: 47049 | H74: Source Prep | I74: Awaiting Source | J74: - | K74: =(Q74/7.5) -> 20.533333 | L74: =((SUM(R74:S74))/7.5) -> 39.2 | M74: =(SUM(T74:Y74)/7.5) -> 42.266667 | N74: =(SUM(Z74:AL74)/7.5) -> 165.6 | Q74: 154 | R74: 277 | S74: 17 | T74: 174 | U74: 8 | V74: 42 | W74: 41 | X74: 39 | Y74: 13 | Z74: 2 | AA74: 345 | AB74: 445 | AC74: 177 | AF74: 0 | AG74: 66 | AH74: 3 | AI74: 12 | AJ74: 143 | AK74: 49 | AS74: =K74*7.5 -> 154 | AT74: =L74*7.5 -> 294 | AU74: =M74*7.5 -> 317 | AV74: =N74*7.5 -> 1242
... A80: Philippines | B80: PHDR3 | C80: =A80&D80 -> Philippineskh.br.as.phl.12 | D80: kh.br.as.phl.12 | E80: Zamboanga Peninsula | F80: 46978 | G80: 47073 | H80: Source Prep | I80: Awaiting Source | J80: - | K80: =(Q80/7.5) -> 14.933333 | L80: =((SUM(R80:S80))/7.5) -> 28.666667 | M80: =(SUM(T80:Y80)/7.5) -> 30.8 | N80: =(SUM(Z80:AL80)/7.5) -> 120.8 | Q80: 112 | R80: 203 | S80: 12 | T80: 127 | U80: 6 | V80: 31 | W80: 30 | X80: 28 | Y80: 9 | Z80: 2 | AA80: 252 | AB80: 325 | AC80: 129 | AF80: 0 | AG80: 48 | AH80: 2 | AI80: 8 | AJ80: 104 | AK80: 36 | AS80: =K80*7.5 -> 112 | AT80: =L80*7.5 -> 215 | AU80: =M80*7.5 -> 231 | AV80: =N80*7.5 -> 906

Sheet Monthly Inventory
A1: COUNTRY | B1: DR | C1: Combination | D1: BR_ID | E1: BR_Name | F1: Driven Km | G1: Naming QA | H1: DC2 | I1: Finishing | J1: Source Prep | K1: HLA | L1: ADC | M1: MPRA | N1: FinIshing | O1: PDS | P1: DC2 | Q1: Finishing | T1: Month & Year | U1: Naming QA Inventory | V1: DC2 Inventory | W1: Source Prep | X1: Finishing | AF1: COUNTRY | AG1: BR_ID | AH1: BR_Name | AI1: 3DV Processing End Date | AJ1: 3DV Processing Status | AK1: 3DV Processing End Date | AL1: Pre-HLA Effort | AQ1: Holiday List
A2: Brazil_P2 | B2: BRDRSP | C2: =A2&D2 -> Brazil_P2kh.br.sa.bra.08_A | D2: kh.br.sa.bra.08_A | E2: São Paulo | F2: 34714 | G2: 46022 | H2: 46193 | J2: =VLOOKUP(C2,'Wave wise Effort'!$C$10:$N$80,9,0) -> 0 | K2: =VLOOKUP(C2,'Wave wise Effort'!$C$10:$N$80,10,0) -> 0 | L2: =VLOOKUP(C2,'Wave wise Effort'!$C$10:$N$80,11,0) -> 0 | M2: =VLOOKUP(C2,'Wave wise Effort'!$C$10:$N$80,12,0) -> 10 | O2: =TEXT(G2,"mmm'yy") -> Dec'25 | P2: =TEXT(H2,"mmm'yy") -> Jun'26 | T2: Jan'26 | U2: =SUMIF(O:O,T2,K:K)+SUMIF(O:O,T2,L:L) -> 0 | V2: =SUMIF(P:P,T2,M:M) -> 0 | W2: =SUMIF(O:O,T2,J:J) -> 0 | X2: =SUMIF(Q:Q,T2,N:N) -> 0 | AF2: India | AG2: kh.br.as.ind.01 | AH2: Mumbai | AI2: 45465 | AJ2: Completed | AK2: =TEXT(AI2,"mmm'yy") -> Jun'24 | AL2: =VLOOKUP(AG2,$D$2:$J$27,7,0) -> #N/A | AQ2: 45658
A3: Brazil_P2 | B3: BRDRSP | C3: =A3&D3 -> Brazil_P2kh.br.sa.bra.08_C | D3: kh.br.sa.bra.08_C | E3: Campinas | F3: 23453 | G3: 46029 | H3: 46243 | J3: =VLOOKUP(C3,'Wave wise Effort'!$C$10:$N$80,9,0) -> 0 | K3: =VLOOKUP(C3,'Wave wise Effort'!$C$10:$N$80,10,0) -> 0 | L3: =VLOOKUP(C3,'Wave wise Effort'!$C$10:$N$80,11,0) -> 0 | M3: =VLOOKUP(C3,'Wave wise Effort'!$C$10:$N$80,12,0) -> 1181.8667 | O3: =TEXT(G3,"mmm'yy") -> Jan'26 | P3: =TEXT(H3,"mmm'yy") -> Aug'26 | T3: Feb'26 | U3: =SUMIF(O:O,T3,K:K)+SUMIF(O:O,T3,L:L) -> 0 | V3: =SUMIF(P:P,T3,M:M) -> 0 | W3: =SUMIF(O:O,T3,J:J) -> 0 | X3: =SUMIF(Q:Q,T3,N:N) -> 0 | AF3: India | AG3: kh.br.as.ind.02 | AH3: Pune | AI3: 45485 | AJ3: Completed | AK3: =TEXT(AI3,"mmm'yy") -> Jul'24 | AL3: =VLOOKUP(AG3,$D$2:$J$27,7,0) -> #N/A | AQ3: 45671
A4: Brazil_P2 | B4: BRDRSP | C4: =A4&D4 -> Brazil_P2kh.br.sa.bra.08_D | D4: kh.br.sa.bra.08_D | E4: Ribeirão Preto | F4: 23151 | G4: 46041 | H4: 46271 | J4: =VLOOKUP(C4,'Wave wise Effort'!$C$10:$N$80,9,0) -> 0 | K4: =VLOOKUP(C4,'Wave wise Effort'!$C$10:$N$80,10,0) -> 0 | L4: =VLOOKUP(C4,'Wave wise Effort'!$C$10:$N$80,11,0) -> 0 | M4: =VLOOKUP(C4,'Wave wise Effort'!$C$10:$N$80,12,0) -> 1890.8 | O4: =TEXT(G4,"mmm'yy") -> Jan'26 | P4: =TEXT(H4,"mmm'yy") -> Sep'26 | T4: Mar'26 | U4: =SUMIF(O:O,T4,K:K)+SUMIF(O:O,T4,L:L) -> 0 | V4: =SUMIF(P:P,T4,M:M) -> 0 | W4: =SUMIF(O:O,T4,J:J) -> 0 | X4: =SUMIF(Q:Q,T4,N:N) -> 0 | AF4: India | AG4: kh.br.as.ind.05 | AH4: Indore | AI4: 45503 | AJ4: Completed | AK4: =TEXT(AI4,"mmm'yy") -> Jul'24 | AL4: =VLOOKUP(AG4,$D$2:$J$27,7,0) -> #N/A | AQ4: 45730
A5: Brazil_P2 | B5: BRDRSP | C5: =A5&D5 -> Brazil_P2kh.br.sa.bra.08_B | D5: kh.br.sa.bra.08_B | E5: São José dos Campos | F5: 26018 | G5: 46049 | H5: 46283 | J5: =VLOOKUP(C5,'Wave wise Effort'!$C$10:$N$80,9,0) -> 0 | K5: =VLOOKUP(C5,'Wave wise Effort'!$C$10:$N$80,10,0) -> 0 | L5: =VLOOKUP(C5,'Wave wise Effort'!$C$10:$N$80,11,0) -> 0 | M5: =VLOOKUP(C5,'Wave wise Effort'!$C$10:$N$80,12,0) -> 1996.9333 | O5: =TEXT(G5,"mmm'yy") -> Jan'26 | P5: =TEXT(H5,"mmm'yy") -> Sep'26 | T5: Apr'26 | U5: =SUMIF(O:O,T5,K:K)+SUMIF(O:O,T5,L:L) -> 0 | V5: =SUMIF(P:P,T5,M:M) -> 0 | W5: =SUMIF(O:O,T5,J:J) -> 0 | X5: =SUMIF(Q:Q,T5,N:N) -> 0 | AF5: India | AG5: kh.br.as.ind.03 | AH5: Nanded | AI5: 45519 | AJ5: Completed | AK5: =TEXT(AI5,"mmm'yy") -> Aug'24 | AL5: =VLOOKUP(AG5,$D$2:$J$27,7,0) -> #N/A | AQ5: 45747
A6: Brazil_P2 | B6: BRDRRIO | C6: =A6&D6 -> Brazil_P2kh.br.sa.bra.11_A | D6: kh.br.sa.bra.11_A | E6: Rio de Janeiro | F6: 14299 | G6: 46051 | H6: 46210 | J6: =VLOOKUP(C6,'Wave wise Effort'!$C$10:$N$80,9,0) -> 0 | K6: =VLOOKUP(C6,'Wave wise Effort'!$C$10:$N$80,10,0) -> 0 | L6: =VLOOKUP(C6,'Wave wise Effort'!$C$10:$N$80,11,0) -> 0 | M6: =VLOOKUP(C6,'Wave wise Effort'!$C$10:$N$80,12,0) -> 479.06667 | O6: =TEXT(G6,"mmm'yy") -> Jan'26 | P6: =TEXT(H6,"mmm'yy") -> Jul'26 | T6: May'26 | U6: =SUMIF(O:O,T6,K:K)+SUMIF(O:O,T6,L:L) -> 0 | V6: =SUMIF(P:P,T6,M:M) -> 0 | W6: =SUMIF(O:O,T6,J:J) -> 0 | X6: =SUMIF(Q:Q,T6,N:N) -> 0 | AF6: India | AG6: kh.br.as.ind.04 | AH6: Nagpur | AI6: 45532 | AJ6: Completed | AK6: =TEXT(AI6,"mmm'yy") -> Aug'24 | AL6: =VLOOKUP(AG6,$D$2:$J$27,7,0) -> #N/A | AQ6: 45765
A7: Brazil_P2 | B7: BRDRRIO | C7: =A7&D7 -> Brazil_P2kh.br.sa.bra.11_B | D7: kh.br.sa.bra.11_B | E7: Campos dos Goytacazes | F7: 18163 | G7: 46053 | H7: 46215 | J7: =VLOOKUP(C7,'Wave wise Effort'!$C$10:$N$80,9,0) -> 0 | K7: =VLOOKUP(C7,'Wave wise Effort'!$C$10:$N$80,10,0) -> 0 | L7: =VLOOKUP(C7,'Wave wise Effort'!$C$10:$N$80,11,0) -> 0 | M7: =VLOOKUP(C7,'Wave wise Effort'!$C$10:$N$80,12,0) -> 1110.5333 | O7: =TEXT(G7,"mmm'yy") -> Jan'26 | P7: =TEXT(H7,"mmm'yy") -> Jul'26 | T7: Jun'26 | U7: =SUMIF(O:O,T7,K:K)+SUMIF(O:O,T7,L:L) -> 0 | V7: =SUMIF(P:P,T7,M:M) -> 10 | W7: =SUMIF(O:O,T7,J:J) -> 0 | X7: =SUMIF(Q:Q,T7,N:N) -> 0 | AF7: India | AG7: kh.br.as.ind.06 | AH7: Jabalpur | AI7: 45518 | AJ7: Completed | AK7: =TEXT(AI7,"mmm'yy") -> Aug'24 | AL7: =VLOOKUP(AG7,$D$2:$J$27,7,0) -> #N/A | AQ7: 45778
A8: Brazil_P2 | B8: BRDRRIO | C8: =A8&D8 -> Brazil_P2kh.br.sa.bra.11_C | D8: kh.br.sa.bra.11_C | E8: Vitória | F8: 7469 | G8: 46059 | H8: 46224 | J8: =VLOOKUP(C8,'Wave wise Effort'!$C$10:$N$80,9,0) -> 0 | K8: =VLOOKUP(C8,'Wave wise Effort'!$C$10:$N$80,10,0) -> 0 | L8: =VLOOKUP(C8,'Wave wise Effort'!$C$10:$N$80,11,0) -> 0 | M8: =VLOOKUP(C8,'Wave wise Effort'!$C$10:$N$80,12,0) -> 575.2 | O8: =TEXT(G8,"mmm'yy") -> Feb'26 | P8: =TEXT(H8,"mmm'yy") -> Jul'26 | T8: Jul'26 | U8: =SUMIF(O:O,T8,K:K)+SUMIF(O:O,T8,L:L) -> 1143.4667 | V8: =SUMIF(P:P,T8,M:M) -> 2164.8 | W8: =SUMIF(O:O,T8,J:J) -> 0 | X8: =SUMIF(Q:Q,T8,N:N) -> 0 | AF8: India | AG8: kh.br.as.ind.11 | AH8: Warangal | AI8: 45510 | AJ8: Completed | AK8: =TEXT(AI8,"mmm'yy") -> Aug'24 | AL8: =VLOOKUP(AG8,$D$2:$J$27,7,0) -> #N/A | AQ8: 45810
A9: Brazil_P2 | B9: BRDRNE | C9: =A9&D9 -> Brazil_P2kh.br.sa.bra.16 | D9: kh.br.sa.bra.16 | E9: Salvador | F9: 23933 | G9: 46075 | H9: 46299 | J9: =VLOOKUP(C9,'Wave wise Effort'!$C$10:$N$80,9,0) -> 0 | K9: =VLOOKUP(C9,'Wave wise Effort'!$C$10:$N$80,10,0) -> 0 | L9: =VLOOKUP(C9,'Wave wise Effort'!$C$10:$N$80,11,0) -> 0 | M9: =VLOOKUP(C9,'Wave wise Effort'!$C$10:$N$80,12,0) -> 1507.0667 | O9: =TEXT(G9,"mmm'yy") -> Feb'26 | P9: =TEXT(H9,"mmm'yy") -> Oct'26 | T9: Aug'26 | U9: =SUMIF(O:O,T9,K:K)+SUMIF(O:O,T9,L:L) -> 316.53333 | V9: =SUMIF(P:P,T9,M:M) -> 1181.8667 | W9: =SUMIF(O:O,T9,J:J) -> 0 | X9: =SUMIF(Q:Q,T9,N:N) -> 0 | AF9: India | AG9: kh.br.as.ind.07 | AH9: Goa | AI9: 45539 | AJ9: Completed | AK9: =TEXT(AI9,"mmm'yy") -> Sep'24 | AL9: =VLOOKUP(AG9,$D$2:$J$27,7,0) -> #N/A | AQ9: 45884
A10: Brazil_P2 | B10: BRDRNE | C10: =A10&D10 -> Brazil_P2kh.br.sa.bra.17 | D10: kh.br.sa.bra.17 | E10: Recife | F10: 22668 | G10: 46091 | H10: 46307 | J10: =VLOOKUP(C10,'Wave wise Effort'!$C$10:$N$80,9,0) -> 0 | K10: =VLOOKUP(C10,'Wave wise Effort'!$C$10:$N$80,10,0) -> 0 | L10: =VLOOKUP(C10,'Wave wise Effort'!$C$10:$N$80,11,0) -> 0 | M10: =VLOOKUP(C10,'Wave wise Effort'!$C$10:$N$80,12,0) -> 1014.4 | O10: =TEXT(G10,"mmm'yy") -> Mar'26 | P10: =TEXT(H10,"mmm'yy") -> Oct'26 | T10: Sep'26 | U10: =SUMIF(O:O,T10,K:K)+SUMIF(O:O,T10,L:L) -> 342.66667 | V10: =SUMIF(P:P,T10,M:M) -> 3887.7333 | W10: =SUMIF(O:O,T10,J:J) -> 0 | X10: =SUMIF(Q:Q,T10,N:N) -> 0 | AF10: India | AG10: kh.br.as.ind.08 | AH10: Davanagere | AI10: 45514 | AJ10: Completed | AK10: =TEXT(AI10,"mmm'yy") -> Aug'24 | AL10: =VLOOKUP(AG10,$D$2:$J$27,7,0) -> #N/A | AQ10: 45896
A11: Brazil_P2 | B11: BRDRNE | C11: =A11&D11 -> Brazil_P2kh.br.sa.bra.18 | D11: kh.br.sa.bra.18 | E11: Natal | F11: 14335 | G11: 46114 | H11: 46316 | J11: =VLOOKUP(C11,'Wave wise Effort'!$C$10:$N$80,9,0) -> 0 | K11: =VLOOKUP(C11,'Wave wise Effort'!$C$10:$N$80,10,0) -> 0 | L11: =VLOOKUP(C11,'Wave wise Effort'!$C$10:$N$80,11,0) -> 0 | M11: =VLOOKUP(C11,'Wave wise Effort'!$C$10:$N$80,12,0) -> 568.4 | O11: =TEXT(G11,"mmm'yy") -> Apr'26 | P11: =TEXT(H11,"mmm'yy") -> Oct'26 | T11: Oct'26 | U11: =SUMIF(O:O,T11,K:K)+SUMIF(O:O,T11,L:L) -> 1271.0667 | V11: =SUMIF(P:P,T11,M:M) -> 3627.7333 | W11: =SUMIF(O:O,T11,J:J) -> 0 | X11: =SUMIF(Q:Q,T11,N:N) -> 0 | AF11: India | AG11: kh.br.as.ind.09 | AH11: Bengaluru | AI11: 45539 | AJ11: Completed | AK11: =TEXT(AI11,"mmm'yy") -> Sep'24 | AL11: =VLOOKUP(AG11,$D$2:$J$27,7,0) -> #N/A | AQ11: 46016
A12: Brazil_P2 | B12: BRDRN | C12: =A12&D12 -> Brazil_P2kh.br.sa.bra.13 | D12: kh.br.sa.bra.13 | E12: Sao Luis | F12: 11777 | G12: 46104 | H12: 46320 | J12: =VLOOKUP(C12,'Wave wise Effort'!$C$10:$N$80,9,0) -> 0 | K12: =VLOOKUP(C12,'Wave wise Effort'!$C$10:$N$80,10,0) -> 0 | L12: =VLOOKUP(C12,'Wave wise Effort'!$C$10:$N$80,11,0) -> 0 | M12: =VLOOKUP(C12,'Wave wise Effort'!$C$10:$N$80,12,0) -> 304.8 | O12: =TEXT(G12,"mmm'yy") -> Mar'26 | P12: =TEXT(H12,"mmm'yy") -> Oct'26 | T12: Nov'26 | U12: =SUMIF(O:O,T12,K:K)+SUMIF(O:O,T12,L:L) -> 978 | V12: =SUMIF(P:P,T12,M:M) -> 3444.6667 | W12: =SUMIF(O:O,T12,J:J) -> 0 | X12: =SUMIF(Q:Q,T12,N:N) -> 0 | AF12: India | AG12: kh.br.as.ind.10 | AH12: Hyderabad | AI12: 45562 | AJ12: Completed | AK12: =TEXT(AI12,"mmm'yy") -> Sep'24 | AL12: =VLOOKUP(AG12,$D$2:$J$27,7,0) -> #N/A | AQ12: 45932
A13: Brazil_P2 | B13: BRDRN | C13: =A13&D13 -> Brazil_P2kh.br.sa.bra.14 | D13: kh.br.sa.bra.14 | E13: Teresina | F13: 8173 | G13: 46105 | H13: 46323 | J13: =VLOOKUP(C13,'Wave wise Effort'!$C$10:$N$80,9,0) -> 0 | K13: =VLOOKUP(C13,'Wave wise Effort'!$C$10:$N$80,10,0) -> 0 | L13: =VLOOKUP(C13,'Wave wise Effort'!$C$10:$N$80,11,0) -> 0 | M13: =VLOOKUP(C13,'Wave wise Effort'!$C$10:$N$80,12,0) -> 233.06667 | O13: =TEXT(G13,"mmm'yy") -> Mar'26 | P13: =TEXT(H13,"mmm'yy") -> Oct'26 | T13: Dec'26 | U13: =SUMIF(O:O,T13,K:K)+SUMIF(O:O,T13,L:L) -> 0 | V13: =SUMIF(P:P,T13,M:M) -> 2709.2 | W13: =SUMIF(O:O,T13,J:J) -> 0 | X13: =SUMIF(Q:Q,T13,N:N) -> 0 | AF13: India | AG13: kh.br.as.ind.12 | AH13: Kadapa | AI13: 45630 | AJ13: Completed | AK13: =TEXT(AI13,"mmm'yy") -> Dec'24 | AL13: =VLOOKUP(AG13,$D$2:$J$27,7,0) -> #N/A | AQ13: 46036
... A25: Brazil_P2 | B25: BRDRW | C25: =A25&D25 -> Brazil_P2kh.br.sa.bra.01 | D25: kh.br.sa.bra.01 | E25: Porto Velho | F25: 5848 | G25: 46259 | H25: 46435 | J25: =VLOOKUP(C25,'Wave wise Effort'!$C$10:$N$80,9,0) -> 0 | K25: =VLOOKUP(C25,'Wave wise Effort'!$C$10:$N$80,10,0) -> 0 | L25: =VLOOKUP(C25,'Wave wise Effort'!$C$10:$N$80,11,0) -> 0 | M25: =VLOOKUP(C25,'Wave wise Effort'!$C$10:$N$80,12,0) -> 389.33333 | O25: =TEXT(G25,"mmm'yy") -> Aug'26 | P25: =TEXT(H25,"mmm'yy") -> Feb'27 | T25: Dec'27 | U25: =SUMIF(O:O,T25,K:K)+SUMIF(O:O,T25,L:L) -> 412 | V25: =SUMIF(P:P,T25,M:M) -> 138.26667 | W25: =SUMIF(O:O,T25,J:J) -> 64.4 | X25: =SUMIF(Q:Q,T25,N:N) -> 0 | AF25: India | AG25: kh.br.as.ind.17 | AH25: Chennai | AI25: 45573 | AJ25: Completed | AK25: =TEXT(AI25,"mmm'yy") -> Oct'24 | AL25: =VLOOKUP(AG25,$D$2:$J$27,7,0) -> #N/A | AQ25: 46381
A26: Brazil_P2 | B26: BRDRW | C26: =A26&D26 -> Brazil_P2kh.br.sa.bra.03 | D26: kh.br.sa.bra.03 | E26: Belem | F26: 8948 | G26: 46272 | H26: 46437 | J26: =VLOOKUP(C26,'Wave wise Effort'!$C$10:$N$80,9,0) -> 0 | K26: =VLOOKUP(C26,'Wave wise Effort'!$C$10:$N$80,10,0) -> 229.46667 | L26: =VLOOKUP(C26,'Wave wise Effort'!$C$10:$N$80,11,0) -> 95.733333 | M26: =VLOOKUP(C26,'Wave wise Effort'!$C$10:$N$80,12,0) -> 740.53333 | O26: =TEXT(G26,"mmm'yy") -> Sep'26 | P26: =TEXT(H26,"mmm'yy") -> Feb'27 | T26: Jan'28 | U26: =SUMIF(O:O,T26,K:K)+SUMIF(O:O,T26,L:L) -> 968.26667 | V26: =SUMIF(P:P,T26,M:M) -> 679.46667 | W26: =SUMIF(O:O,T26,J:J) -> 151.2 | X26: =SUMIF(Q:Q,T26,N:N) -> 0 | AF26: India | AG26: kh.br.as.ind.15 | AH26: Madurai | AI26: 45601 | AJ26: Completed | AK26: =TEXT(AI26,"mmm'yy") -> Nov'24 | AL26: =VLOOKUP(AG26,$D$2:$J$27,7,0) -> #N/A
A27: Brazil_P2 | B27: BRDRW | C27: =A27&D27 -> Brazil_P2kh.br.sa.bra.02 | D27: kh.br.sa.bra.02 | E27: Manaus | F27: 13424 | G27: 46276 | H27: 46437 | J27: =VLOOKUP(C27,'Wave wise Effort'!$C$10:$N$80,9,0) -> 0 | K27: =VLOOKUP(C27,'Wave wise Effort'!$C$10:$N$80,10,0) -> 0 | L27: =VLOOKUP(C27,'Wave wise Effort'!$C$10:$N$80,11,0) -> 17.466667 | M27: =VLOOKUP(C27,'Wave wise Effort'!$C$10:$N$80,12,0) -> 512 | O27: =TEXT(G27,"mmm'yy") -> Sep'26 | P27: =TEXT(H27,"mmm'yy") -> Feb'27 | T27: Feb'28 | U27: =SUMIF(O:O,T27,K:K)+SUMIF(O:O,T27,L:L) -> 1024.6667 | V27: =SUMIF(P:P,T27,M:M) -> 255.2 | W27: =SUMIF(O:O,T27,J:J) -> 160 | X27: =SUMIF(Q:Q,T27,N:N) -> 0 | AF27: India | AG27: kh.br.as.ind.16 | AH27: Erode | AI27: 45612 | AJ27: Completed | AK27: =TEXT(AI27,"mmm'yy") -> Nov'24 | AL27: =VLOOKUP(AG27,$D$2:$J$27,7,0) -> #N/A
A28: Indonesia | B28: IDDRSM | C28: =A28&D28 -> Indonesiakh.br.as.idn.01 | D28: kh.br.as.idn.01 | E28: Aceh | F28: 7632.6119 | G28: 46594 | H28: 46719 | J28: =VLOOKUP(C28,'Wave wise Effort'!$C$10:$N$80,9,0) -> 31.6 | K28: =VLOOKUP(C28,'Wave wise Effort'!$C$10:$N$80,10,0) -> 90.133333 | L28: =VLOOKUP(C28,'Wave wise Effort'!$C$10:$N$80,11,0) -> 112.4 | M28: =VLOOKUP(C28,'Wave wise Effort'!$C$10:$N$80,12,0) -> 81.066667 | O28: =TEXT(G28,"mmm'yy") -> Jul'27 | P28: =TEXT(H28,"mmm'yy") -> Nov'27 | T28: Mar'28 | U28: =SUMIF(O:O,T28,K:K)+SUMIF(O:O,T28,L:L) -> 1262.9333 | V28: =SUMIF(P:P,T28,M:M) -> 345.33333 | W28: =SUMIF(O:O,T28,J:J) -> 202 | X28: =SUMIF(Q:Q,T28,N:N) -> 0 | AF28: India | AG28: kh.br.as.ind.14 | AH28: Kerala | AI28: 45782 | AJ28: Planned | AK28: =TEXT(AI28,"mmm'yy") -> May'25 | AL28: =VLOOKUP(AG28,$D$2:$J$27,7,0) -> #N/A
A29: Indonesia | B29: IDDRSM | C29: =A29&D29 -> Indonesiakh.br.as.idn.05 | D29: kh.br.as.idn.05 | E29: Lampung | F29: 11419.856 | G29: 46627 | H29: 46739 | J29: =VLOOKUP(C29,'Wave wise Effort'!$C$10:$N$80,9,0) -> 54 | K29: =VLOOKUP(C29,'Wave wise Effort'!$C$10:$N$80,10,0) -> 154 | L29: =VLOOKUP(C29,'Wave wise Effort'!$C$10:$N$80,11,0) -> 192.13333 | M29: =VLOOKUP(C29,'Wave wise Effort'!$C$10:$N$80,12,0) -> 138.26667 | O29: =TEXT(G29,"mmm'yy") -> Aug'27 | P29: =TEXT(H29,"mmm'yy") -> Dec'27 | T29: Apr'28 | U29: =SUMIF(O:O,T29,K:K)+SUMIF(O:O,T29,L:L) -> 1459.3333 | V29: =SUMIF(P:P,T29,M:M) -> 480.53333 | W29: =SUMIF(O:O,T29,J:J) -> 228 | X29: =SUMIF(Q:Q,T29,N:N) -> 0 | AF29: India | AG29: kh.br.as.ind.36 | AH29: Andaman and Nicobar Islands | AI29: 45799 | AJ29: Planned | AK29: =TEXT(AI29,"mmm'yy") -> May'25 | AL29: =VLOOKUP(AG29,$D$2:$J$27,7,0) -> #N/A
A30: Indonesia | B30: IDDRSM | C30: =A30&D30 -> Indonesiakh.br.as.idn.04 | D30: kh.br.as.idn.04 | E30: Sumatra Island South | F30: 21126.636 | G30: 46639 | H30: 46754 | J30: =VLOOKUP(C30,'Wave wise Effort'!$C$10:$N$80,9,0) -> 92.933333 | K30: =VLOOKUP(C30,'Wave wise Effort'!$C$10:$N$80,10,0) -> 264.66667 | L30: =VLOOKUP(C30,'Wave wise Effort'!$C$10:$N$80,11,0) -> 330.4 | M30: =VLOOKUP(C30,'Wave wise Effort'!$C$10:$N$80,12,0) -> 237.46667 | O30: =TEXT(G30,"mmm'yy") -> Sep'27 | P30: =TEXT(H30,"mmm'yy") -> Jan'28 | T30: May'28 | U30: =SUMIF(O:O,T30,K:K)+SUMIF(O:O,T30,L:L) -> 525.2 | V30: =SUMIF(P:P,T30,M:M) -> 551.6 | W30: =SUMIF(O:O,T30,J:J) -> 112.26667 | X30: =SUMIF(Q:Q,T30,N:N) -> 0 | AF30: India | AG30: kh.br.as.ind.40 | AH30: Jammu and Kashmīr Central | AI30: 45723 | AJ30: Skipped | AK30: =TEXT(AI30,"mmm'yy") -> Mar'25 | AL30: =VLOOKUP(AG30,$D$2:$J$27,7,0) -> #N/A
A31: Indonesia | B31: IDDRSM | C31: =A31&D31 -> Indonesiakh.br.as.idn.03 | D31: kh.br.as.idn.03 | E31: Sumatra Island Central | F31: 20891.286 | G31: 46651 | H31: 46766 | J31: =VLOOKUP(C31,'Wave wise Effort'!$C$10:$N$80,9,0) -> 84 | K31: =VLOOKUP(C31,'Wave wise Effort'!$C$10:$N$80,10,0) -> 239.06667 | L31: =VLOOKUP(C31,'Wave wise Effort'!$C$10:$N$80,11,0) -> 298.53333 | M31: =VLOOKUP(C31,'Wave wise Effort'!$C$10:$N$80,12,0) -> 214.8 | O31: =TEXT(G31,"mmm'yy") -> Sep'27 | P31: =TEXT(H31,"mmm'yy") -> Jan'28 | T31: Jun'28 | U31: =SUMIF(O:O,T31,K:K)+SUMIF(O:O,T31,L:L) -> 689.33333 | V31: =SUMIF(P:P,T31,M:M) -> 671.73333 | W31: =SUMIF(O:O,T31,J:J) -> 173.73333 | X31: =SUMIF(Q:Q,T31,N:N) -> 0 | AF31: India | AG31: kh.br.as.ind.41 | AH31: Jammu and Kashmīr East | AI31: 45728 | AJ31: Skipped | AK31: =TEXT(AI31,"mmm'yy") -> Mar'25 | AL31: =VLOOKUP(AG31,$D$2:$J$27,7,0) -> #N/A
A32: Indonesia | B32: IDDRSM | C32: =A32&D32 -> Indonesiakh.br.as.idn.02 | D32: kh.br.as.idn.02 | E32: Medan | F32: 17053.204 | G32: 46659 | H32: 46780 | J32: =VLOOKUP(C32,'Wave wise Effort'!$C$10:$N$80,9,0) -> 88.8 | K32: =VLOOKUP(C32,'Wave wise Effort'!$C$10:$N$80,10,0) -> 252.93333 | L32: =VLOOKUP(C32,'Wave wise Effort'!$C$10:$N$80,11,0) -> 315.73333 | M32: =VLOOKUP(C32,'Wave wise Effort'!$C$10:$N$80,12,0) -> 227.2 | O32: =TEXT(G32,"mmm'yy") -> Sep'27 | P32: =TEXT(H32,"mmm'yy") -> Jan'28 | T32: Jul'28 | U32: =SUMIF(O:O,T32,K:K)+SUMIF(O:O,T32,L:L) -> 724.93333 | V32: =SUMIF(P:P,T32,M:M) -> 710.8 | W32: =SUMIF(O:O,T32,J:J) -> 182.4 | X32: =SUMIF(Q:Q,T32,N:N) -> 0 | AF32: India | AG32: kh.br.as.ind.39 | AH32: Jammu and Kashmīr West | AI32: 45720 | AJ32: Skipped | AK32: =TEXT(AI32,"mmm'yy") -> Mar'25 | AL32: =VLOOKUP(AG32,$D$2:$J$27,7,0) -> #N/A
A33: Indonesia | B33: IDDRKA | C33: =A33&D33 -> Indonesiakh.br.as.idn.07 | D33: kh.br.as.idn.07 | E33: West Kalimantan | F33: 24285.384 | G33: 46663 | H33: 46794 | J33: =VLOOKUP(C33,'Wave wise Effort'!$C$10:$N$80,9,0) -> 48.533333 | K33: =VLOOKUP(C33,'Wave wise Effort'!$C$10:$N$80,10,0) -> 138.13333 | L33: =VLOOKUP(C33,'Wave wise Effort'!$C$10:$N$80,11,0) -> 172.4 | M33: =VLOOKUP(C33,'Wave wise Effort'!$C$10:$N$80,12,0) -> 124.13333 | O33: =TEXT(G33,"mmm'yy") -> Oct'27 | P33: =TEXT(H33,"mmm'yy") -> Feb'28 | T33: Aug'28 | U33: =SUMIF(O:O,T33,K:K)+SUMIF(O:O,T33,L:L) -> 217.2 | V33: =SUMIF(P:P,T33,M:M) -> 717.73333 | W33: =SUMIF(O:O,T33,J:J) -> 54.666667 | X33: =SUMIF(Q:Q,T33,N:N) -> 0 | AF33: India | AG33: kh.br.as.ind.42 | AH33: Jammu and Kashmīr North | AI33: 45727 | AJ33: Skipped | AK33: =TEXT(AI33,"mmm'yy") -> Mar'25 | AL33: =VLOOKUP(AG33,$D$2:$J$27,7,0) -> #N/A
A34: Indonesia | B34: IDDRKA | C34: =A34&D34 -> Indonesiakh.br.as.idn.06 | D34: kh.br.as.idn.06 | E34: East Kalimantan | F34: 19072.713 | G34: 46666 | H34: 46805 | J34: =VLOOKUP(C34,'Wave wise Effort'!$C$10:$N$80,9,0) -> 51.2 | K34: =VLOOKUP(C34,'Wave wise Effort'!$C$10:$N$80,10,0) -> 146 | L34: =VLOOKUP(C34,'Wave wise Effort'!$C$10:$N$80,11,0) -> 182.26667 | M34: =VLOOKUP(C34,'Wave wise Effort'!$C$10:$N$80,12,0) -> 131.06667 | O34: =TEXT(G34,"mmm'yy") -> Oct'27 | P34: =TEXT(H34,"mmm'yy") -> Feb'28 | T34: Sep'28 | U34: =SUMIF(O:O,T34,K:K)+SUMIF(O:O,T34,L:L) -> 0 | V34: =SUMIF(P:P,T34,M:M) -> 1607.7333 | W34: =SUMIF(O:O,T34,J:J) -> 0 | X34: =SUMIF(Q:Q,T34,N:N) -> 0 | AF34: India | AG34: kh.br.as.ind.44 | AH34: Aksai Chin | AI34: 45749 | AJ34: Skipped | AK34: =TEXT(AI34,"mmm'yy") -> Apr'25 | AL34: =VLOOKUP(AG34,$D$2:$J$27,7,0) -> #N/A
A35: Indonesia | B35: IDDRJW | C35: =A35&D35 -> Indonesiakh.br.as.idn.09 | D35: kh.br.as.idn.09 | E35: Jakarta | F35: 3670.6587 | G35: 46674 | H35: 46815 | J35: =VLOOKUP(C35,'Wave wise Effort'!$C$10:$N$80,9,0) -> 63.333333 | K35: =VLOOKUP(C35,'Wave wise Effort'!$C$10:$N$80,10,0) -> 180.53333 | L35: =VLOOKUP(C35,'Wave wise Effort'!$C$10:$N$80,11,0) -> 225.33333 | M35: =VLOOKUP(C35,'Wave wise Effort'!$C$10:$N$80,12,0) -> 162.26667 | O35: =TEXT(G35,"mmm'yy") -> Oct'27 | P35: =TEXT(H35,"mmm'yy") -> Mar'28 | T35: Oct'28 | U35: =SUMIF(O:O,T35,K:K)+SUMIF(O:O,T35,L:L) -> 0 | V35: =SUMIF(P:P,T35,M:M) -> 1385.6 | W35: =SUMIF(O:O,T35,J:J) -> 0 | X35: =SUMIF(Q:Q,T35,N:N) -> 0 | AF35: India | AG35: kh.br.as.ind.50 | AH35: Susta | AI35: 45645 | AJ35: Skipped | AK35: =TEXT(AI35,"mmm'yy") -> Dec'24 | AL35: =VLOOKUP(AG35,$D$2:$J$27,7,0) -> #N/A
A36: Indonesia | B36: IDDRJW | C36: =A36&D36 -> Indonesiakh.br.as.idn.08 | D36: kh.br.as.idn.08 | E36: Banten | F36: 7393.3955 | G36: 46684 | H36: 46835 | J36: =VLOOKUP(C36,'Wave wise Effort'!$C$10:$N$80,9,0) -> 71.466667 | K36: =VLOOKUP(C36,'Wave wise Effort'!$C$10:$N$80,10,0) -> 203.46667 | L36: =VLOOKUP(C36,'Wave wise Effort'!$C$10:$N$80,11,0) -> 253.86667 | M36: =VLOOKUP(C36,'Wave wise Effort'!$C$10:$N$80,12,0) -> 183.06667 | O36: =TEXT(G36,"mmm'yy") -> Oct'27 | P36: =TEXT(H36,"mmm'yy") -> Mar'28 | T36: Nov'28 | U36: =SUMIF(O:O,T36,K:K)+SUMIF(O:O,T36,L:L) -> 0 | V36: =SUMIF(P:P,T36,M:M) -> 529.06667 | W36: =SUMIF(O:O,T36,J:J) -> 0 | X36: =SUMIF(Q:Q,T36,N:N) -> 0 | AF36: India | AG36: kh.br.as.ind.29 | AH36: Varanasi | AI36: 45723 | AJ36: Completed | AK36: =TEXT(AI36,"mmm'yy") -> Mar'25 | AL36: =VLOOKUP(AG36,$D$2:$J$27,7,0) -> #N/A
A37: Indonesia | B37: IDDRJW | C37: =A37&D37 -> Indonesiakh.br.as.idn.10_A | D37: kh.br.as.idn.10_A | E37: West Java A | F37: 11005.77 | G37: 46703 | H37: 46851 | J37: =VLOOKUP(C37,'Wave wise Effort'!$C$10:$N$80,9,0) -> 103.6 | K37: =VLOOKUP(C37,'Wave wise Effort'!$C$10:$N$80,10,0) -> 294.93333 | L37: =VLOOKUP(C37,'Wave wise Effort'!$C$10:$N$80,11,0) -> 368 | M37: =VLOOKUP(C37,'Wave wise Effort'!$C$10:$N$80,12,0) -> 265.06667 | O37: =TEXT(G37,"mmm'yy") -> Nov'27 | P37: =TEXT(H37,"mmm'yy") -> Apr'28 | T37: Dec'28 | U37: =SUMIF(O:O,T37,K:K)+SUMIF(O:O,T37,L:L) -> 0 | V37: =SUMIF(P:P,T37,M:M) -> 0 | W37: =SUMIF(O:O,T37,J:J) -> 0 | X37: =SUMIF(Q:Q,T37,N:N) -> 0 | AF37: India | AG37: kh.br.as.ind.27 | AH37: Agra | AI37: 45743 | AJ37: Completed | AK37: =TEXT(AI37,"mmm'yy") -> Mar'25 | AL37: =VLOOKUP(AG37,$D$2:$J$27,7,0) -> #N/A
... A42: Indonesia | B42: IDDRJW | C42: =A42&D42 -> Indonesiakh.br.as.idn.12_A | D42: kh.br.as.idn.12_A | E42: East Java A | F42: 11006.766 | G42: 46791 | H42: 46914 | J42: =VLOOKUP(C42,'Wave wise Effort'!$C$10:$N$80,9,0) -> 76.4 | K42: =VLOOKUP(C42,'Wave wise Effort'!$C$10:$N$80,10,0) -> 217.6 | L42: =VLOOKUP(C42,'Wave wise Effort'!$C$10:$N$80,11,0) -> 271.73333 | M42: =VLOOKUP(C42,'Wave wise Effort'!$C$10:$N$80,12,0) -> 195.46667 | O42: =TEXT(G42,"mmm'yy") -> Feb'28 | P42: =TEXT(H42,"mmm'yy") -> Jun'28 | T42: May'29 | U42: =SUMIF(O:O,T42,K:K)+SUMIF(O:O,T42,L:L) -> 0 | V42: =SUMIF(P:P,T42,M:M) -> 0 | W42: =SUMIF(O:O,T42,J:J) -> 0 | X42: =SUMIF(Q:Q,T42,N:N) -> 0 | AF42: India | AG42: kh.br.as.ind.45 | AH42: Demchok | AI42: 45770 | AJ42: Skipped | AK42: =TEXT(AI42,"mmm'yy") -> Apr'25 | AL42: =VLOOKUP(AG42,$D$2:$J$27,7,0) -> #N/A
A43: Indonesia | B43: IDDRJW | C43: =A43&D43 -> Indonesiakh.br.as.idn.10_C | D43: kh.br.as.idn.10_C | E43: West Java C | F43: 9856.5905 | G43: 46805 | H43: 46924 | J43: =VLOOKUP(C43,'Wave wise Effort'!$C$10:$N$80,9,0) -> 83.6 | K43: =VLOOKUP(C43,'Wave wise Effort'!$C$10:$N$80,10,0) -> 238.13333 | L43: =VLOOKUP(C43,'Wave wise Effort'!$C$10:$N$80,11,0) -> 297.2 | M43: =VLOOKUP(C43,'Wave wise Effort'!$C$10:$N$80,12,0) -> 213.86667 | O43: =TEXT(G43,"mmm'yy") -> Feb'28 | P43: =TEXT(H43,"mmm'yy") -> Jun'28 | T43: Overall | U43: =SUM(U2:U42) -> 16289.733 | V43: =SUM(V2:V42) -> 33801.2 | W43: =SUM(W2:W42) -> 2102.4 | X43: =SUM(X2:X37) -> 0 | AF43: India | AG43: kh.br.as.ind.51 | AH43: Arunāchal Pradesh | AI43: 45819 | AJ43: Planned | AK43: =TEXT(AI43,"mmm'yy") -> Jun'25 | AL43: =VLOOKUP(AG43,$D$2:$J$27,7,0) -> #N/A
A44: Indonesia | B44: IDDRJW | C44: =A44&D44 -> Indonesiakh.br.as.idn.10_B | D44: kh.br.as.idn.10_B | E44: West Java B | F44: 9493.5621 | G44: 46820 | H44: 46934 | J44: =VLOOKUP(C44,'Wave wise Effort'!$C$10:$N$80,9,0) -> 102.53333 | K44: =VLOOKUP(C44,'Wave wise Effort'!$C$10:$N$80,10,0) -> 292 | L44: =VLOOKUP(C44,'Wave wise Effort'!$C$10:$N$80,11,0) -> 364.4 | M44: =VLOOKUP(C44,'Wave wise Effort'!$C$10:$N$80,12,0) -> 262.4 | O44: =TEXT(G44,"mmm'yy") -> Mar'28 | P44: =TEXT(H44,"mmm'yy") -> Jun'28 | AF44: India | AG44: kh.br.as.ind.48 | AH44: Lapthal | AI44: 45825 | AJ44: Skipped | AK44: =TEXT(AI44,"mmm'yy") -> Jun'25 | AL44: =VLOOKUP(AG44,$D$2:$J$27,7,0) -> #N/A
A45: Indonesia | B45: IDDRJW | C45: =A45&D45 -> Indonesiakh.br.as.idn.11_A | D45: kh.br.as.idn.11_A | E45: Central Java A | F45: 8464.8366 | G45: 46835 | H45: 46943 | J45: =VLOOKUP(C45,'Wave wise Effort'!$C$10:$N$80,9,0) -> 86.933333 | K45: =VLOOKUP(C45,'Wave wise Effort'!$C$10:$N$80,10,0) -> 247.73333 | L45: =VLOOKUP(C45,'Wave wise Effort'!$C$10:$N$80,11,0) -> 309.06667 | M45: =VLOOKUP(C45,'Wave wise Effort'!$C$10:$N$80,12,0) -> 222.53333 | O45: =TEXT(G45,"mmm'yy") -> Mar'28 | P45: =TEXT(H45,"mmm'yy") -> Jul'28 | U45: =SUM(U52:U87)=U43 -> TRUE | V45: =SUM(V52:V87)=V43 -> TRUE | W45: =SUM(W52:W87)=W43 -> TRUE | AF45: India | AG45: kh.br.as.ind.49 | AH45: Limpiyadhura | AI45: 45825 | AJ45: Skipped | AK45: =TEXT(AI45,"mmm'yy") -> Jun'25 | AL45: =VLOOKUP(AG45,$D$2:$J$27,7,0) -> #N/A
A46: Indonesia | B46: IDDRSL | C46: =A46&D46 -> Indonesiakh.br.as.idn.14 | D46: kh.br.as.idn.14 | E46: Celebes South | F46: 19403.965 | G46: 46850 | H46: 46955 | J46: =VLOOKUP(C46,'Wave wise Effort'!$C$10:$N$80,9,0) -> 78.666667 | K46: =VLOOKUP(C46,'Wave wise Effort'!$C$10:$N$80,10,0) -> 224.13333 | L46: =VLOOKUP(C46,'Wave wise Effort'!$C$10:$N$80,11,0) -> 279.6 | M46: =VLOOKUP(C46,'Wave wise Effort'!$C$10:$N$80,12,0) -> 201.33333 | O46: =TEXT(G46,"mmm'yy") -> Apr'28 | P46: =TEXT(H46,"mmm'yy") -> Jul'28 | AF46: India | AG46: kh.br.as.ind.47 | AH46: Shipki | AI46: 45791 | AJ46: Planned | AK46: =TEXT(AI46,"mmm'yy") -> May'25 | AL46: =VLOOKUP(AG46,$D$2:$J$27,7,0) -> #N/A
A47: Indonesia | B47: IDDRSL | C47: =A47&D47 -> Indonesiakh.br.as.idn.13 | D47: kh.br.as.idn.13 | E47: Celebes North | F47: 9176.757 | G47: 46854 | H47: 46958 | J47: =VLOOKUP(C47,'Wave wise Effort'!$C$10:$N$80,9,0) -> 40.666667 | K47: =VLOOKUP(C47,'Wave wise Effort'!$C$10:$N$80,10,0) -> 115.86667 | L47: =VLOOKUP(C47,'Wave wise Effort'!$C$10:$N$80,11,0) -> 144.53333 | M47: =VLOOKUP(C47,'Wave wise Effort'!$C$10:$N$80,12,0) -> 104.13333 | O47: =TEXT(G47,"mmm'yy") -> Apr'28 | P47: =TEXT(H47,"mmm'yy") -> Jul'28 | AF47: India | AG47: kh.br.as.ind.38 | AH47: Jammu and Kashmīr South | AI47: 45819 | AJ47: Planned | AK47: =TEXT(AI47,"mmm'yy") -> Jun'25 | AL47: =VLOOKUP(AG47,$D$2:$J$27,7,0) -> #N/A
A48: Indonesia | B48: IDDRNU | C48: =A48&D48 -> Indonesiakh.br.as.idn.16 | D48: kh.br.as.idn.16 | E48: East Nusa Tenggara | F48: 10516.762 | G48: 46860 | H48: 46963 | J48: =VLOOKUP(C48,'Wave wise Effort'!$C$10:$N$80,9,0) -> 32 | K48: =VLOOKUP(C48,'Wave wise Effort'!$C$10:$N$80,10,0) -> 91.066667 | L48: =VLOOKUP(C48,'Wave wise Effort'!$C$10:$N$80,11,0) -> 113.6 | M48: =VLOOKUP(C48,'Wave wise Effort'!$C$10:$N$80,12,0) -> 82 | O48: =TEXT(G48,"mmm'yy") -> Apr'28 | P48: =TEXT(H48,"mmm'yy") -> Jul'28 | AF48: India | AG48: kh.br.as.ind.31 | AH48: Ranchi | AI48: 45645 | AJ48: Completed | AK48: =TEXT(AI48,"mmm'yy") -> Dec'24 | AL48: =VLOOKUP(AG48,$D$2:$J$27,7,0) -> #N/A
A49: Indonesia | B49: IDDRNU | C49: =A49&D49 -> Indonesiakh.br.as.idn.15 | D49: kh.br.as.idn.15 | E49: Bali | F49: 9142.3823 | G49: 46870 | H49: 46969 | J49: =VLOOKUP(C49,'Wave wise Effort'!$C$10:$N$80,9,0) -> 57.866667 | K49: =VLOOKUP(C49,'Wave wise Effort'!$C$10:$N$80,10,0) -> 164.8 | L49: =VLOOKUP(C49,'Wave wise Effort'!$C$10:$N$80,11,0) -> 205.6 | M49: =VLOOKUP(C49,'Wave wise Effort'!$C$10:$N$80,12,0) -> 147.86667 | O49: =TEXT(G49,"mmm'yy") -> Apr'28 | P49: =TEXT(H49,"mmm'yy") -> Aug'28 | AF49: India | AG49: kh.br.as.ind.33 | AH49: Kolkata | AI49: 45717 | AJ49: Completed | AK49: =TEXT(AI49,"mmm'yy") -> Mar'25 | AL49: =VLOOKUP(AG49,$D$2:$J$27,7,0) -> #N/A
A50: Indonesia | B50: IDDRML | C50: =A50&D50 -> Indonesiakh.br.as.idn.18 | D50: kh.br.as.idn.18 | E50: North Maluku | F50: 3589.092 | G50: 46871 | H50: 46970 | J50: =VLOOKUP(C50,'Wave wise Effort'!$C$10:$N$80,9,0) -> 7.7333333 | K50: =VLOOKUP(C50,'Wave wise Effort'!$C$10:$N$80,10,0) -> 21.866667 | L50: =VLOOKUP(C50,'Wave wise Effort'!$C$10:$N$80,11,0) -> 27.333333 | M50: =VLOOKUP(C50,'Wave wise Effort'!$C$10:$N$80,12,0) -> 20 | O50: =TEXT(G50,"mmm'yy") -> Apr'28 | P50: =TEXT(H50,"mmm'yy") -> Aug'28 | AF50: India | AG50: kh.br.as.ind.34 | AH50: Dimapur | AI50: 45819 | AJ50: Planned | AK50: =TEXT(AI50,"mmm'yy") -> Jun'25 | AL50: =VLOOKUP(AG50,$D$2:$J$27,7,0) -> #N/A
A51: Indonesia | B51: IDDRML | C51: =A51&D51 -> Indonesiakh.br.as.idn.17 | D51: kh.br.as.idn.17 | E51: Maluku | F51: 4499.7502 | G51: 46872 | H51: 46971 | J51: =VLOOKUP(C51,'Wave wise Effort'!$C$10:$N$80,9,0) -> 11.066667 | K51: =VLOOKUP(C51,'Wave wise Effort'!$C$10:$N$80,10,0) -> 31.6 | L51: =VLOOKUP(C51,'Wave wise Effort'!$C$10:$N$80,11,0) -> 39.333333 | M51: =VLOOKUP(C51,'Wave wise Effort'!$C$10:$N$80,12,0) -> 28.266667 | O51: =TEXT(G51,"mmm'yy") -> Apr'28 | P51: =TEXT(H51,"mmm'yy") -> Aug'28 | AF51: India | AG51: kh.br.as.ind.32 | AH51: Sambalpur | AI51: 45819 | AJ51: Planned | AK51: =TEXT(AI51,"mmm'yy") -> Jun'25 | AL51: =VLOOKUP(AG51,$D$2:$J$27,7,0) -> #N/A
A52: Indonesia | B52: IDDRPP | C52: =A52&D52 -> Indonesiakh.br.as.idn.20 | D52: kh.br.as.idn.20 | E52: Papua East | F52: 6725.8425 | G52: 46874 | H52: 46973 | J52: =VLOOKUP(C52,'Wave wise Effort'!$C$10:$N$80,9,0) -> 17.466667 | K52: =VLOOKUP(C52,'Wave wise Effort'!$C$10:$N$80,10,0) -> 49.866667 | L52: =VLOOKUP(C52,'Wave wise Effort'!$C$10:$N$80,11,0) -> 62.266667 | M52: =VLOOKUP(C52,'Wave wise Effort'!$C$10:$N$80,12,0) -> 44.666667 | O52: =TEXT(G52,"mmm'yy") -> May'28 | P52: =TEXT(H52,"mmm'yy") -> Aug'28
A53: Indonesia | B53: IDDRPP | C53: =A53&D53 -> Indonesiakh.br.as.idn.19 | D53: kh.br.as.idn.19 | E53: Papua West | F53: 6988.9587 | G53: 46876 | H53: 46975 | J53: =VLOOKUP(C53,'Wave wise Effort'!$C$10:$N$80,9,0) -> 15.2 | K53: =VLOOKUP(C53,'Wave wise Effort'!$C$10:$N$80,10,0) -> 43.2 | L53: =VLOOKUP(C53,'Wave wise Effort'!$C$10:$N$80,11,0) -> 53.866667 | M53: =VLOOKUP(C53,'Wave wise Effort'!$C$10:$N$80,12,0) -> 38.8 | O53: =TEXT(G53,"mmm'yy") -> May'28 | P53: =TEXT(H53,"mmm'yy") -> Aug'28 | T53: Month | U53: Naming Inventory (In Mandays) | V53: DC2 Inventory (In Mandays) | W53: Source Prep Inventory (basis PDS date) | X53: Finishing | Z53: Month & Year | AA53: Naming KM | AB53: DC2 KM
A54: Philippines | B54: PHDR2 | C54: =A54&D54 -> Philippineskh.br.as.phl.08 | D54: kh.br.as.phl.08 | E54: Mimaropa | F54: 8940.6126 | G54: 46838 | H54: 46947 | J54: =VLOOKUP(C54,'Wave wise Effort'!$C$10:$N$80,9,0) -> 12.533333 | K54: =VLOOKUP(C54,'Wave wise Effort'!$C$10:$N$80,10,0) -> 23.866667 | L54: =VLOOKUP(C54,'Wave wise Effort'!$C$10:$N$80,11,0) -> 25.866667 | M54: =VLOOKUP(C54,'Wave wise Effort'!$C$10:$N$80,12,0) -> 100.8 | O54: =TEXT(G54,"mmm'yy") -> Mar'28 | P54: =TEXT(H54,"mmm'yy") -> Jul'28 | T54: =T10 -> Sep'26 | U54: =SUM(U2:U10) -> 1802.6667 | V54: =SUM(V2:V10) -> 7244.4 | W54: =SUM(W2:W10) -> 0 | X54: =X10 -> 0 | Z54: =T54 -> Sep'26 | AA54: =SUMIF(O:O,Z54,F:F) -> 22372 | AB54: =SUMIF(P:P,Z54,F:F) -> 49169
A55: Philippines | B55: PHDR2 | C55: =A55&D55 -> Philippineskh.br.as.phl.09 | D55: kh.br.as.phl.09 | E55: Western Visayas | F55: 7945.4468 | G55: 46880 | H55: 46979 | J55: =VLOOKUP(C55,'Wave wise Effort'!$C$10:$N$80,9,0) -> 18.266667 | K55: =VLOOKUP(C55,'Wave wise Effort'!$C$10:$N$80,10,0) -> 34.933333 | L55: =VLOOKUP(C55,'Wave wise Effort'!$C$10:$N$80,11,0) -> 37.6 | M55: =VLOOKUP(C55,'Wave wise Effort'!$C$10:$N$80,12,0) -> 147.6 | O55: =TEXT(G55,"mmm'yy") -> May'28 | P55: =TEXT(H55,"mmm'yy") -> Aug'28 | T55: =T11 -> Oct'26 | U55: =U11 -> 1271.0667 | V55: =V11 -> 3627.7333 | W55: =W11 -> 0 | X55: =X11 -> 0 | Z55: =T55 -> Oct'26 | AA55: =SUMIF(O:O,Z55,F:F) -> 28875 | AB55: =SUMIF(P:P,Z55,F:F) -> 80886
A56: Philippines | B56: PHDR2 | C56: =A56&D56 -> Philippineskh.br.as.phl.18 | D56: kh.br.as.phl.18 | E56: Negros Island | F56: 9294.4172 | G56: 46885 | H56: 46985 | J56: =VLOOKUP(C56,'Wave wise Effort'!$C$10:$N$80,9,0) -> 18.4 | K56: =VLOOKUP(C56,'Wave wise Effort'!$C$10:$N$80,10,0) -> 35.2 | L56: =VLOOKUP(C56,'Wave wise Effort'!$C$10:$N$80,11,0) -> 38 | M56: =VLOOKUP(C56,'Wave wise Effort'!$C$10:$N$80,12,0) -> 148.66667 | O56: =TEXT(G56,"mmm'yy") -> May'28 | P56: =TEXT(H56,"mmm'yy") -> Aug'28 | T56: =T12 -> Nov'26 | U56: =U12 -> 978 | V56: =V12 -> 3444.6667 | W56: =W12 -> 0 | X56: =X12 -> 0 | Z56: =T56 -> Nov'26 | AA56: =SUMIF(O:O,Z56,F:F) -> 16540 | AB56: =SUMIF(P:P,Z56,F:F) -> 46050
A57: Philippines | B57: PHDR2 | C57: =A57&D57 -> Philippineskh.br.as.phl.11 | D57: kh.br.as.phl.11 | E57: Eastern Visayas | F57: 6975.1976 | G57: 46888 | H57: 46988 | J57: =VLOOKUP(C57,'Wave wise Effort'!$C$10:$N$80,9,0) -> 17.6 | K57: =VLOOKUP(C57,'Wave wise Effort'!$C$10:$N$80,10,0) -> 33.6 | L57: =VLOOKUP(C57,'Wave wise Effort'!$C$10:$N$80,11,0) -> 36.133333 | M57: =VLOOKUP(C57,'Wave wise Effort'!$C$10:$N$80,12,0) -> 141.86667 | O57: =TEXT(G57,"mmm'yy") -> May'28 | P57: =TEXT(H57,"mmm'yy") -> Aug'28 | T57: =T13 -> Dec'26 | U57: =U13 -> 0 | V57: =V13 -> 2709.2 | W57: =W13 -> 0 | X57: =X13 -> 0 | Z57: =T57 -> Dec'26 | AA57: =SUMIF(O:O,Z57,F:F) -> 0 | AB57: =SUMIF(P:P,Z57,F:F) -> 45692
A58: Philippines | B58: PHDR2 | C58: =A58&D58 -> Philippineskh.br.as.phl.10 | D58: kh.br.as.phl.10 | E58: Central Visayas | F58: 8945.6474 | G58: 46897 | H58: 46999 | J58: =VLOOKUP(C58,'Wave wise Effort'!$C$10:$N$80,9,0) -> 25.333333 | K58: =VLOOKUP(C58,'Wave wise Effort'!$C$10:$N$80,10,0) -> 48.4 | L58: =VLOOKUP(C58,'Wave wise Effort'!$C$10:$N$80,11,0) -> 52.133333 | M58: =VLOOKUP(C58,'Wave wise Effort'!$C$10:$N$80,12,0) -> 204.4 | O58: =TEXT(G58,"mmm'yy") -> May'28 | P58: =TEXT(H58,"mmm'yy") -> Sep'28 | T58: =T14 -> Jan'27 | U58: =U14 -> 0 | V58: =V14 -> 4431.8667 | W58: =W14 -> 0 | X58: =X14 -> 0 | Z58: =T58 -> Jan'27 | AA58: =SUMIF(O:O,Z58,F:F) -> 0 | AB58: =SUMIF(P:P,Z58,F:F) -> 62185
A59: Philippines | B59: PHDR1 | C59: =A59&D59 -> Philippineskh.br.as.phl.06 | D59: kh.br.as.phl.06 | E59: Manila | F59: 4315.9357 | G59: 46908 | H59: 47007 | J59: =VLOOKUP(C59,'Wave wise Effort'!$C$10:$N$80,9,0) -> 78.266667 | K59: =VLOOKUP(C59,'Wave wise Effort'!$C$10:$N$80,10,0) -> 149.6 | L59: =VLOOKUP(C59,'Wave wise Effort'!$C$10:$N$80,11,0) -> 160.8 | M59: =VLOOKUP(C59,'Wave wise Effort'!$C$10:$N$80,12,0) -> 631.6 | O59: =TEXT(G59,"mmm'yy") -> Jun'28 | P59: =TEXT(H59,"mmm'yy") -> Sep'28 | T59: =T15 -> Feb'27 | U59: =U15 -> 0 | V59: =V15 -> 4189.2 | W59: =W15 -> 0 | X59: =X15 -> 0 | Z59: =T59 -> Feb'27 | AA59: =SUMIF(O:O,Z59,F:F) -> 0 | AB59: =SUMIF(P:P,Z59,F:F) -> 70965
A60: Philippines | B60: PHDR1 | C60: =A60&D60 -> Philippineskh.br.as.phl.07 | D60: kh.br.as.phl.07 | E60: Bicol | F60: 6904.7119 | G60: 46913 | H60: 47009 | J60: =VLOOKUP(C60,'Wave wise Effort'!$C$10:$N$80,9,0) -> 23.466667 | K60: =VLOOKUP(C60,'Wave wise Effort'!$C$10:$N$80,10,0) -> 44.933333 | L60: =VLOOKUP(C60,'Wave wise Effort'!$C$10:$N$80,11,0) -> 48.266667 | M60: =VLOOKUP(C60,'Wave wise Effort'!$C$10:$N$80,12,0) -> 189.86667 | O60: =TEXT(G60,"mmm'yy") -> Jun'28 | P60: =TEXT(H60,"mmm'yy") -> Sep'28 | T60: =T16 -> Mar'27 | U60: =U16 -> 0 | V60: =V16 -> 0 | W60: =W16 -> 0 | X60: =X16 -> 0 | Z60: =T60 -> Mar'27 | AA60: =SUMIF(O:O,Z60,F:F) -> 0 | AB60: =SUMIF(P:P,Z60,F:F) -> 0
A61: Philippines | B61: PHDR1 | C61: =A61&D61 -> Philippineskh.br.as.phl.04 | D61: kh.br.as.phl.04 | E61: Central Luzon | F61: 15235.052 | G61: 46926 | H61: 47024 | J61: =VLOOKUP(C61,'Wave wise Effort'!$C$10:$N$80,9,0) -> 72 | K61: =VLOOKUP(C61,'Wave wise Effort'!$C$10:$N$80,10,0) -> 137.73333 | L61: =VLOOKUP(C61,'Wave wise Effort'!$C$10:$N$80,11,0) -> 148 | M61: =VLOOKUP(C61,'Wave wise Effort'!$C$10:$N$80,12,0) -> 581.86667 | O61: =TEXT(G61,"mmm'yy") -> Jun'28 | P61: =TEXT(H61,"mmm'yy") -> Sep'28 | T61: =T17 -> Apr'27 | U61: =U17 -> 0 | V61: =V17 -> 0 | W61: =W17 -> 0 | X61: =X17 -> 0 | Z61: =T61 -> Apr'27 | AA61: =SUMIF(O:O,Z61,F:F) -> 0 | AB61: =SUMIF(P:P,Z61,F:F) -> 0
A62: Philippines | B62: PHDR1 | C62: =A62&D62 -> Philippineskh.br.as.phl.05 | D62: kh.br.as.phl.05 | E62: Calabarzon | F62: 14445.808 | G62: 46944 | H62: 47040 | J62: =VLOOKUP(C62,'Wave wise Effort'!$C$10:$N$80,9,0) -> 93.866667 | K62: =VLOOKUP(C62,'Wave wise Effort'!$C$10:$N$80,10,0) -> 179.6 | L62: =VLOOKUP(C62,'Wave wise Effort'!$C$10:$N$80,11,0) -> 193.2 | M62: =VLOOKUP(C62,'Wave wise Effort'!$C$10:$N$80,12,0) -> 758.4 | O62: =TEXT(G62,"mmm'yy") -> Jul'28 | P62: =TEXT(H62,"mmm'yy") -> Oct'28 | T62: =T18 -> May'27 | U62: =U18 -> 0 | V62: =V18 -> 0 | W62: =W18 -> 0 | X62: =X18 -> 0 | Z62: =T62 -> May'27 | AA62: =SUMIF(O:O,Z62,F:F) -> 0 | AB62: =SUMIF(P:P,Z62,F:F) -> 0
A63: Philippines | B63: PHDR1 | C63: =A63&D63 -> Philippineskh.br.as.phl.02 | D63: kh.br.as.phl.02 | E63: Cordillera | F63: 4142.3365 | G63: 46945 | H63: 47041 | J63: =VLOOKUP(C63,'Wave wise Effort'!$C$10:$N$80,9,0) -> 6.9333333 | K63: =VLOOKUP(C63,'Wave wise Effort'!$C$10:$N$80,10,0) -> 13.333333 | L63: =VLOOKUP(C63,'Wave wise Effort'!$C$10:$N$80,11,0) -> 14.266667 | M63: =VLOOKUP(C63,'Wave wise Effort'!$C$10:$N$80,12,0) -> 56 | O63: =TEXT(G63,"mmm'yy") -> Jul'28 | P63: =TEXT(H63,"mmm'yy") -> Oct'28 | T63: =T19 -> Jun'27 | U63: =U19 -> 0 | V63: =V19 -> 0 | W63: =W19 -> 0 | X63: =X19 -> 0 | Z63: =T63 -> Jun'27 | AA63: =SUMIF(O:O,Z63,F:F) -> 0 | AB63: =SUMIF(P:P,Z63,F:F) -> 0
A64: Philippines | B64: PHDR1 | C64: =A64&D64 -> Philippineskh.br.as.phl.03 | D64: kh.br.as.phl.03 | E64: Cagayan Valley | F64: 8833.822 | G64: 46948 | H64: 47045 | J64: =VLOOKUP(C64,'Wave wise Effort'!$C$10:$N$80,9,0) -> 14.266667 | K64: =VLOOKUP(C64,'Wave wise Effort'!$C$10:$N$80,10,0) -> 27.333333 | L64: =VLOOKUP(C64,'Wave wise Effort'!$C$10:$N$80,11,0) -> 29.466667 | M64: =VLOOKUP(C64,'Wave wise Effort'!$C$10:$N$80,12,0) -> 115.2 | O64: =TEXT(G64,"mmm'yy") -> Jul'28 | P64: =TEXT(H64,"mmm'yy") -> Oct'28 | T64: =T20 -> Jul'27 | U64: =U20 -> 202.53333 | V64: =V20 -> 0 | W64: =W20 -> 31.6 | X64: =X20 -> 0 | Z64: =T64 -> Jul'27 | AA64: =SUMIF(O:O,Z64,F:F) -> 7632.6119 | AB64: =SUMIF(P:P,Z64,F:F) -> 0
A65: Philippines | B65: PHDR1 | C65: =A65&D65 -> Philippineskh.br.as.phl.01 | D65: kh.br.as.phl.01 | E65: Ilocos | F65: 7974.7425 | G65: 46954 | H65: 47049 | J65: =VLOOKUP(C65,'Wave wise Effort'!$C$10:$N$80,9,0) -> 20.533333 | K65: =VLOOKUP(C65,'Wave wise Effort'!$C$10:$N$80,10,0) -> 39.2 | L65: =VLOOKUP(C65,'Wave wise Effort'!$C$10:$N$80,11,0) -> 42.266667 | M65: =VLOOKUP(C65,'Wave wise Effort'!$C$10:$N$80,12,0) -> 165.6 | O65: =TEXT(G65,"mmm'yy") -> Jul'28 | P65: =TEXT(H65,"mmm'yy") -> Oct'28 | T65: =T21 -> Aug'27 | U65: =U21 -> 346.13333 | V65: =V21 -> 0 | W65: =W21 -> 54 | X65: =X21 -> 0 | Z65: =T65 -> Aug'27 | AA65: =SUMIF(O:O,Z65,F:F) -> 11419.856 | AB65: =SUMIF(P:P,Z65,F:F) -> 0
A66: Philippines | B66: PHDR3 | C66: =A66&D66 -> Philippineskh.br.as.phl.17 | D66: kh.br.as.phl.17 | E66: Bangsamoro | F66: 3307.8803 | G66: 46956 | H66: 47050 | J66: =VLOOKUP(C66,'Wave wise Effort'!$C$10:$N$80,9,0) -> 19.066667 | K66: =VLOOKUP(C66,'Wave wise Effort'!$C$10:$N$80,10,0) -> 36.666667 | L66: =VLOOKUP(C66,'Wave wise Effort'!$C$10:$N$80,11,0) -> 39.2 | M66: =VLOOKUP(C66,'Wave wise Effort'!$C$10:$N$80,12,0) -> 154.26667 | O66: =TEXT(G66,"mmm'yy") -> Jul'28 | P66: =TEXT(H66,"mmm'yy") -> Oct'28 | T66: =T22 -> Sep'27 | U66: =U22 -> 1701.3333 | V66: =V22 -> 0 | W66: =W22 -> 265.73333 | X66: =X22 -> 0 | Z66: =T66 -> Sep'27 | AA66: =SUMIF(O:O,Z66,F:F) -> 59071.127 | AB66: =SUMIF(P:P,Z66,F:F) -> 0
... A71: Philippines | B71: PHDR3 | C71: =A71&D71 -> Philippineskh.br.as.phl.12 | D71: kh.br.as.phl.12 | E71: Zamboanga Peninsula | F71: 5603.0375 | G71: 46978 | H71: 47073 | J71: =VLOOKUP(C71,'Wave wise Effort'!$C$10:$N$80,9,0) -> 14.933333 | K71: =VLOOKUP(C71,'Wave wise Effort'!$C$10:$N$80,10,0) -> 28.666667 | L71: =VLOOKUP(C71,'Wave wise Effort'!$C$10:$N$80,11,0) -> 30.8 | M71: =VLOOKUP(C71,'Wave wise Effort'!$C$10:$N$80,12,0) -> 120.8 | O71: =TEXT(G71,"mmm'yy") -> Aug'28 | P71: =TEXT(H71,"mmm'yy") -> Nov'28 | T71: =T27 -> Feb'28 | U71: =U27 -> 1024.6667 | V71: =V27 -> 255.2 | W71: =W27 -> 160 | X71: =X27 -> 0 | Z71: =T71 -> Feb'28 | AA71: =SUMIF(O:O,Z71,F:F) -> 20863.357 | AB71: =SUMIF(P:P,Z71,F:F) -> 43358.096
T72: =T28 -> Mar'28 | U72: =U28 -> 1262.9333 | V72: =V28 -> 345.33333 | W72: =W28 -> 202 | X72: =X28 -> 0 | Z72: =T72 -> Mar'28 | AA72: =SUMIF(O:O,Z72,F:F) -> 26899.011 | AB72: =SUMIF(P:P,Z72,F:F) -> 11064.054
T73: =T29 -> Apr'28 | U73: =U29 -> 1459.3333 | V73: =V29 -> 480.53333 | W73: =W29 -> 228 | X73: =X29 -> 0 | Z73: =T73 -> Apr'28 | AA73: =SUMIF(O:O,Z73,F:F) -> 56328.708 | AB73: =SUMIF(P:P,Z73,F:F) -> 24712.149
T74: =T30 -> May'28 | U74: =U30 -> 525.2 | V74: =V30 -> 551.6 | W74: =W30 -> 112.26667 | X74: =X30 -> 0 | Z74: =T74 -> May'28 | AA74: =SUMIF(O:O,Z74,F:F) -> 46875.51 | AB74: =SUMIF(P:P,Z74,F:F) -> 33876.841
T75: =T31 -> Jun'28 | U75: =U31 -> 689.33333 | V75: =V31 -> 671.73333 | W75: =W31 -> 173.73333 | X75: =X31 -> 0 | Z75: =T75 -> Jun'28 | AA75: =SUMIF(O:O,Z75,F:F) -> 26455.7 | AB75: =SUMIF(P:P,Z75,F:F) -> 30356.919
T76: =T32 -> Jul'28 | U76: =U32 -> 724.93333 | V76: =V32 -> 710.8 | W76: =W32 -> 182.4 | X76: =X32 -> 0 | Z76: =T76 -> Jul'28 | AA76: =SUMIF(O:O,Z76,F:F) -> 54059.736 | AB76: =SUMIF(P:P,Z76,F:F) -> 56502.933
T77: =T33 -> Aug'28 | U77: =U33 -> 217.2 | V77: =V33 -> 717.73333 | W77: =W33 -> 54.666667 | X77: =X33 -> 0 | Z77: =T77 -> Aug'28 | AA77: =SUMIF(O:O,Z77,F:F) -> 27383.243 | AB77: =SUMIF(P:P,Z77,F:F) -> 55161.087
T78: =T34 -> Sep'28 | U78: =U34 -> 0 | V78: =V34 -> 1607.7333 | W78: =W34 -> 0 | X78: =X34 -> 0 | Z78: =T78 -> Sep'28 | AA78: =SUMIF(O:O,Z78,F:F) -> 0 | AB78: =SUMIF(P:P,Z78,F:F) -> 35401.347
T79: =T35 -> Oct'28 | U79: =U35 -> 0 | V79: =V35 -> 1385.6 | W79: =W35 -> 0 | X79: =X35 -> 0 | Z79: =T79 -> Oct'28 | AA79: =SUMIF(O:O,Z79,F:F) -> 0 | AB79: =SUMIF(P:P,Z79,F:F) -> 49218.898
T80: =T36 -> Nov'28 | U80: =U36 -> 0 | V80: =V36 -> 529.06667 | W80: =W36 -> 0 | X80: =X36 -> 0 | Z80: =T80 -> Nov'28 | AA80: =SUMIF(O:O,Z80,F:F) -> 0 | AB80: =SUMIF(P:P,Z80,F:F) -> 32224.08
T81: =T37 -> Dec'28 | U81: =U37 -> 0 | V81: =V37 -> 0 | W81: =W37 -> 0 | X81: =X37 -> 0 | Z81: =T81 -> Dec'28 | AA81: =SUMIF(O:O,Z81,F:F) -> 0 | AB81: =SUMIF(P:P,Z81,F:F) -> 0
T82: =T38 -> Jan'29 | U82: =U38 -> 0 | V82: =V38 -> 0 | W82: =W38 -> 0 | X82: =X38 -> 0 | Z82: =T82 -> Jan'29 | AA82: =SUMIF(O:O,Z82,F:F) -> 0 | AB82: =SUMIF(P:P,Z82,F:F) -> 0
T83: =T39 -> Feb'29 | U83: =U39 -> 0 | V83: =V39 -> 0 | W83: =W39 -> 0 | X83: =X39 -> 0 | Z83: =T83 -> Feb'29 | AA83: =SUMIF(O:O,Z83,F:F) -> 0 | AB83: =SUMIF(P:P,Z83,F:F) -> 0
... T86: =T42 -> May'29 | U86: =U42 -> 0 | V86: =V42 -> 0 | W86: =W42 -> 0 | X86: =X42 -> 0 | Z86: =T86 -> May'29 | AA86: =SUMIF(O:O,Z86,F:F) -> 0 | AB86: =SUMIF(P:P,Z86,F:F) -> 0
U87: =U42 -> 0 | V87: =V42 -> 0 | W87: =W42 -> 0 | X87: =X42 -> 0 | Z87: =T87 -> 0 | AA87: =SUMIF(O:O,Z87,F:F) -> 0 | AB87: =SUMIF(P:P,Z87,F:F) -> 0
T93: Month | U93: Naming Inventory (In hours) | V93: DC2 Inventory (In hours) | W93: Source Prep Inventory (basis PDS date) | X93: Finishing
T94: =T54 -> Sep'26 | U94: =U54*7.5 -> 13520 | V94: =V54*7.5 -> 54333 | W94: =W54*7.5 -> 0 | X94: =X54*7.5 -> 0
T95: =T55 -> Oct'26 | U95: =U55*7.5 -> 9533 | V95: =V55*7.5 -> 27208 | W95: =W55*7.5 -> 0 | X95: =X55*7.5 -> 0
T96: =T56 -> Nov'26 | U96: =U56*7.5 -> 7335 | V96: =V56*7.5 -> 25835 | W96: =W56*7.5 -> 0 | X96: =X56*7.5 -> 0
T97: =T57 -> Dec'26 | U97: =U57*7.5 -> 0 | V97: =V57*7.5 -> 20319 | W97: =W57*7.5 -> 0 | X97: =X57*7.5 -> 0
T98: =T58 -> Jan'27 | U98: =U58*7.5 -> 0 | V98: =V58*7.5 -> 33239 | W98: =W58*7.5 -> 0 | X98: =X58*7.5 -> 0
T99: =T59 -> Feb'27 | U99: =U59*7.5 -> 0 | V99: =V59*7.5 -> 31419 | W99: =W59*7.5 -> 0 | X99: =X59*7.5 -> 0
T100: =T60 -> Mar'27 | U100: =U60*7.5 -> 0 | V100: =V60*7.5 -> 0 | W100: =W60*7.5 -> 0 | X100: =X60*7.5 -> 0
T101: =T61 -> Apr'27 | U101: =U61*7.5 -> 0 | V101: =V61*7.5 -> 0 | W101: =W61*7.5 -> 0 | X101: =X61*7.5 -> 0
T102: =T62 -> May'27 | U102: =U62*7.5 -> 0 | V102: =V62*7.5 -> 0 | W102: =W62*7.5 -> 0 | X102: =X62*7.5 -> 0
T103: =T63 -> Jun'27 | U103: =U63*7.5 -> 0 | V103: =V63*7.5 -> 0 | W103: =W63*7.5 -> 0 | X103: =X63*7.5 -> 0
T104: =T64 -> Jul'27 | U104: =U64*7.5 -> 1519 | V104: =V64*7.5 -> 0 | W104: =W64*7.5 -> 237 | X104: =X64*7.5 -> 0
T105: =T65 -> Aug'27 | U105: =U65*7.5 -> 2596 | V105: =V65*7.5 -> 0 | W105: =W65*7.5 -> 405 | X105: =X65*7.5 -> 0
... T127: =T87 -> 0 | U127: =U87*7.5 -> 0 | V127: =V87*7.5 -> 0 | W127: =W87*7.5 -> 0 | X127: =X87*7.5 -> 0

Sheet Monthly supply
